-0,06202495;-0,03346581;0,02442478
-0,06202495;-0,03346581;0,02442478
-0,06202495;-0,03346581;0,02442478
-0,06202495;-0,03346581;0,02442478
-0,06202495;-0,03346581;0,02442478
-0,06202495;-0,03346581;0,02442478
-0,06202495;-0,03346581;0,02442478
-0,06202495;-0,03346581;0,02442478
-0,06202495;-0,03346581;0,02442478
-0,06202495;-0,03346581;0,02442478
-0,06202495;-0,03346581;0,02442478
-0,06202495;-0,03346581;0,02442478
-0,06202495;-0,03346581;0,02442478
-0,06202495;-0,03346581;0,02442478
-0,06202495;-0,03346581;0,02442478
-0,06202495;-0,03346581;0,02442478
-0,06202495;-0,03346581;0,02442478
-0,06202495;-0,03346581;0,02442478
-0,06202495;-0,03346581;0,02442478
-0,06202495;-0,03346581;0,02442478
-0,06202495;-0,03346581;0,02442478
-0,06202495;-0,03346581;0,02442478
-0,06202495;-0,03346581;0,02442478
-0,06202495;-0,03346581;0,02442478
-0,06202495;-0,03346581;0,02442478
-0,06202495;-0,03346581;0,02442478
-0,06202495;-0,03346581;0,02442478
-0,06202495;-0,03346581;0,02442478
-0,06202495;-0,03346581;0,02442478
-0,06202495;-0,03346581;0,02442478
-0,06202495;-0,03346581;0,02442478
-0,06202495;-0,03346581;0,02442478
-0,06202495;-0,03346581;0,02442478
-0,06202495;-0,03346581;0,02442478
-0,06202495;-0,03346581;0,02442478
-0,06202495;-0,03346581;0,02442478
-0,06202495;-0,03346581;0,02442478
-0,06202495;-0,03346581;0,02442478
-0,06202495;-0,03346581;0,02442478
-0,06202495;-0,03346581;0,02442478
-0,06202495;-0,03346581;0,02442478
-0,06202495;-0,03346581;0,02442478
-0,06202495;-0,03346581;0,02442478
-0,06202495;-0,03346581;0,02442478
-0,06202495;-0,03346581;0,02442478
-0,06202495;-0,03346581;0,02442478
-0,06202495;-0,03346581;0,02442478
-0,06202495;-0,03346581;0,02442478
-0,06202495;-0,03346581;0,02442478
-0,06202495;-0,03346581;0,02442478
-0,06202495;-0,03346581;0,02442478
-0,06202495;-0,03346581;0,02442478
-0,06202495;-0,03346581;0,02442478
0,003890058;0,0005289117;-0,007330297
0,003890058;0,0005289117;-0,007330297
0,003890058;0,0005289117;-0,007330297
0,003890058;0,0005289117;-0,007330297
0,003890058;0,0005289117;-0,007330297
0,01075932;0,001265438;-0,02135355
0,01075932;0,001265438;-0,02135355
0,01075932;0,001265438;-0,02135355
0,01075932;0,001265438;-0,02135355
0,01075932;0,001265438;-0,02135355
0,01075932;0,001265438;-0,02135355
0,01075932;0,001265438;-0,02135355
0,01075932;0,001265438;-0,02135355
0,01393365;0,0007990366;-0,02832514
0,01393365;0,0007990366;-0,02832514
0,01393365;0,0007990366;-0,02832514
0,01393365;0,0007990366;-0,02832514
0,01393365;0,0007990366;-0,02832514
0,01393365;0,0007990366;-0,02832514
0,01434491;0,001322373;-0,03290105
0,01434491;0,001322373;-0,03290105
0,01434491;0,001322373;-0,03290105
0,01434491;0,001322373;-0,03290105
0,01484171;0,001374686;-0,03432233
0,01484171;0,001374686;-0,03432233
0,01484171;0,001374686;-0,03432233
0,01484171;0,001374686;-0,03432233
0,01484171;0,001374686;-0,03432233
0,01484171;0,001374686;-0,03432233
0,01484171;0,001374686;-0,03432233
0,01484171;0,001374686;-0,03432233
0,01632737;0,001678074;-0,03577373
0,01632737;0,001678074;-0,03577373
0,01632737;0,001678074;-0,03577373
0,01632737;0,001678074;-0,03577373
0,01632737;0,001678074;-0,03577373
0,01632737;0,001678074;-0,03577373
0,01705357;0,001291964;-0,03602864
0,01705357;0,001291964;-0,03602864
0,01705357;0,001291964;-0,03602864
0,0165407;0,0009778406;-0,03691141
0,0165407;0,0009778406;-0,03691141
0,0165407;0,0009778406;-0,03691141
0,0165407;0,0009778406;-0,03691141
0,01734978;0,001054426;-0,03601038
0,01734978;0,001054426;-0,03601038
0,01734978;0,001054426;-0,03601038
0,01734978;0,001054426;-0,03601038
0,01764652;0,000982653;-0,03567224
0,01764652;0,000982653;-0,03567224
0,01764652;0,000982653;-0,03567224
0,01797752;0,000884005;-0,03575261
0,01797752;0,000884005;-0,03575261
0,01797752;0,000884005;-0,03575261
0,01795067;0,000958172;-0,03613419
0,01795067;0,000958172;-0,03613419
0,01795067;0,000958172;-0,03613419
0,01795067;0,000958172;-0,03613419
0,01786184;0,0009978333;-0,03506596
0,01786184;0,0009978333;-0,03506596
0,01786184;0,0009978333;-0,03506596
0,01786184;0,0009978333;-0,03506596
0,01769559;0,0008286857;-0,03452961
0,01769559;0,0008286857;-0,03452961
0,01769559;0,0008286857;-0,03452961
0,01769559;0,0008286857;-0,03452961
0,01786943;0,0005341002;-0,03383085
0,01786943;0,0005341002;-0,03383085
0,01786943;0,0005341002;-0,03383085
0,01786943;0,0005341002;-0,03383085
0,01781082;0,0001408945;-0,03338033
0,01781082;0,0001408945;-0,03338033
0,01744691;-0,0003018042;-0,03384827
0,01744691;-0,0003018042;-0,03384827
0,01744691;-0,0003018042;-0,03384827
0,01744691;-0,0003018042;-0,03384827
0,01744691;-0,0003018042;-0,03384827
0,0171254;-0,0006069439;-0,0340734
0,0171254;-0,0006069439;-0,0340734
0,01706941;-0,000749468;-0,03391395
0,01706941;-0,000749468;-0,03391395
0,01706941;-0,000749468;-0,03391395
0,01706941;-0,000749468;-0,03391395
0,01706941;-0,000749468;-0,03391395
0,01709159;-0,0006377015;-0,03387042
0,01709159;-0,0006377015;-0,03387042
0,01709159;-0,0006377015;-0,03387042
0,01788943;-0,0002707346;-0,03199781
0,01788943;-0,0002707346;-0,03199781
0,01788943;-0,0002707346;-0,03199781
0,01788943;-0,0002707346;-0,03199781
0,01788943;-0,0002707346;-0,03199781
0,01788943;-0,0002707346;-0,03199781
0,01808052;-0,000362887;-0,03099555
0,01808052;-0,000362887;-0,03099555
0,01808052;-0,000362887;-0,03099555
0,01773832;-0,0004830369;-0,03059026
0,01773832;-0,0004830369;-0,03059026
0,01773832;-0,0004830369;-0,03059026
0,01741314;-0,0006990988;-0,02947593
0,01741314;-0,0006990988;-0,02947593
0,01741314;-0,0006990988;-0,02947593
0,01741314;-0,0006990988;-0,02947593
0,01726923;-0,0006887657;-0,0289593
0,01726923;-0,0006887657;-0,0289593
0,01726923;-0,0006887657;-0,0289593
0,01740577;-0,0008417148;-0,02795214
0,01740577;-0,0008417148;-0,02795214
0,01705837;-0,001227348;-0,02726838
0,01705837;-0,001227348;-0,02726838
0,01705837;-0,001227348;-0,02726838
0,01705837;-0,001227348;-0,02726838
0,01705837;-0,001227348;-0,02726838
0,01696534;-0,001561039;-0,02725362
0,01696534;-0,001561039;-0,02725362
0,01696534;-0,001561039;-0,02725362
0,0171186;-0,001488391;-0,02842959
0,0171186;-0,001488391;-0,02842959
0,0171186;-0,001488391;-0,02842959
0,0171186;-0,001488391;-0,02842959
0,0171186;-0,001488391;-0,02842959
0,01762432;-0,001630781;-0,02853568
0,01762432;-0,001630781;-0,02853568
0,01762432;-0,001630781;-0,02853568
0,01762432;-0,001630781;-0,02853568
0,01762432;-0,001630781;-0,02853568
0,01779225;-0,00182873;-0,02723579
0,01779225;-0,00182873;-0,02723579
0,01779225;-0,00182873;-0,02723579
0,01823753;-0,00238444;-0,02618747
0,01823753;-0,00238444;-0,02618747
0,01823753;-0,00238444;-0,02618747
0,01823753;-0,00238444;-0,02618747
0,01823752;-0,002527191;-0,02830694
0,01823752;-0,002527191;-0,02830694
0,01823752;-0,002527191;-0,02830694
0,01823752;-0,002527191;-0,02830694
0,01823752;-0,002527191;-0,02830694
0,01832534;-0,001901944;-0,03327914
0,01832534;-0,001901944;-0,03327914
0,01832534;-0,001901944;-0,03327914
0,01955493;-0,0002018217;-0,03865876
0,01955493;-0,0002018217;-0,03865876
0,01955493;-0,0002018217;-0,03865876
0,01955493;-0,0002018217;-0,03865876
0,02295847;0,001217653;-0,03869478
0,02295847;0,001217653;-0,03869478
0,02295847;0,001217653;-0,03869478
0,02295847;0,001217653;-0,03869478
0,02239295;0,001560915;-0,0466972
0,02239295;0,001560915;-0,0466972
0,02239295;0,001560915;-0,0466972
0,02223194;0,002045681;-0,05707511
0,02223194;0,002045681;-0,05707511
0,02223194;0,002045681;-0,05707511
0,02223194;0,002045681;-0,05707511
0,02069663;0,003208959;-0,07561747
0,02069663;0,003208959;-0,07561747
0,02069663;0,003208959;-0,07561747
0,02069663;0,003208959;-0,07561747
0,0173313;0,00471345;-0,107264
0,0173313;0,00471345;-0,107264
0,0173313;0,00471345;-0,107264
0,0173313;0,00471345;-0,107264
0,01651498;0,006397108;-0,1331943
0,01651498;0,006397108;-0,1331943
0,01651498;0,006397108;-0,1331943
0,01651498;0,006397108;-0,1331943
0,01626764;0,008340991;-0,1602711
0,01626764;0,008340991;-0,1602711
0,01626764;0,008340991;-0,1602711
0,01626764;0,008340991;-0,1602711
0,01293352;0,009421911;-0,1978511
0,01293352;0,009421911;-0,1978511
0,01293352;0,009421911;-0,1978511
0,01293352;0,009421911;-0,1978511
0,009462871;0,009838707;-0,2307724
0,009462871;0,009838707;-0,2307724
0,009462871;0,009838707;-0,2307724
0,007514446;0,009773592;-0,2548907
0,007514446;0,009773592;-0,2548907
0,007514446;0,009773592;-0,2548907
0,005932031;0,00977654;-0,2747556
0,005932031;0,00977654;-0,2747556
0,005932031;0,00977654;-0,2747556
0,005932031;0,00977654;-0,2747556
0,005932031;0,00977654;-0,2747556
0,001278994;0,009712457;-0,300041
0,001278994;0,009712457;-0,300041
0,001278994;0,009712457;-0,300041
-0,001715431;0,009794047;-0,3259809
-0,001715431;0,009794047;-0,3259809
-0,004206874;0,010843;-0,3518429
-0,004206874;0,010843;-0,3518429
-0,004206874;0,010843;-0,3518429
-0,006696695;0,01193432;-0,3780066
-0,006696695;0,01193432;-0,3780066
-0,006696695;0,01193432;-0,3780066
-0,006696695;0,01193432;-0,3780066
-0,008649511;0,01319161;-0,4079547
-0,008649511;0,01319161;-0,4079547
-0,008649511;0,01319161;-0,4079547
-0,008649511;0,01319161;-0,4079547
-0,008649511;0,01319161;-0,4079547
-0,01324247;0,01578385;-0,4447021
-0,01324247;0,01578385;-0,4447021
-0,01461328;0,01657201;-0,4551886
-0,01461328;0,01657201;-0,4551886
-0,01461328;0,01657201;-0,4551886
-0,01461328;0,01657201;-0,4551886
-0,01737492;0,01876505;-0,4754198
-0,01737492;0,01876505;-0,4754198
-0,01737492;0,01876505;-0,4754198
-0,01967025;0,02002439;-0,4887668
-0,01967025;0,02002439;-0,4887668
-0,02105139;0,02144462;-0,5020178
-0,02105139;0,02144462;-0,5020178
-0,02105139;0,02144462;-0,5020178
-0,02308416;0,02290018;-0,5161473
-0,02308416;0,02290018;-0,5161473
-0,02308416;0,02290018;-0,5161473
-0,02547473;0,02521731;-0,5353917
-0,02547473;0,02521731;-0,5353917
-0,02547473;0,02521731;-0,5353917
-0,02547473;0,02521731;-0,5353917
-0,0294344;0,02988259;-0,5681518
-0,0294344;0,02988259;-0,5681518
-0,0294344;0,02988259;-0,5681518
-0,0294344;0,02988259;-0,5681518
-0,03216055;0,03256683;-0,5990656
-0,03216055;0,03256683;-0,5990656
-0,03216055;0,03256683;-0,5990656
-0,03309966;0,03519207;-0,6318873
-0,03309966;0,03519207;-0,6318873
-0,03309966;0,03519207;-0,6318873
-0,03510281;0,03752468;-0,6495691
-0,03510281;0,03752468;-0,6495691
-0,03510281;0,03752468;-0,6495691
-0,03731805;0,03939117;-0,6631086
-0,03731805;0,03939117;-0,6631086
-0,03731805;0,03939117;-0,6631086
-0,03731805;0,03939117;-0,6631086
-0,03921835;0,0418821;-0,6776698
-0,03921835;0,0418821;-0,6776698
-0,03921835;0,0418821;-0,6776698
-0,03921835;0,0418821;-0,6776698
-0,04202232;0,04329532;-0,6944478
-0,04202232;0,04329532;-0,6944478
-0,04202232;0,04329532;-0,6944478
-0,04406584;0,04356726;-0,7084751
-0,04406584;0,04356726;-0,7084751
-0,04406584;0,04356726;-0,7084751
-0,04406584;0,04356726;-0,7084751
-0,0470455;0,04389409;-0,728548
-0,0470455;0,04389409;-0,728548
-0,0470455;0,04389409;-0,728548
-0,05034107;0,04673014;-0,7476982
-0,05034107;0,04673014;-0,7476982
-0,05034107;0,04673014;-0,7476982
-0,05246362;0,04857315;-0,7625394
-0,05246362;0,04857315;-0,7625394
-0,05246362;0,04857315;-0,7625394
-0,05246362;0,04857315;-0,7625394
-0,05348775;0,05001037;-0,7739097
-0,05348775;0,05001037;-0,7739097
-0,05606725;0,05131622;-0,790163
-0,05606725;0,05131622;-0,790163
-0,05606725;0,05131622;-0,790163
-0,05606725;0,05131622;-0,790163
-0,05606725;0,05131622;-0,790163
-0,06122535;0,05285361;-0,8170312
-0,06122535;0,05285361;-0,8170312
-0,06122535;0,05285361;-0,8170312
-0,06581175;0,05399796;-0,8441843
-0,06581175;0,05399796;-0,8441843
-0,06581175;0,05399796;-0,8441843
-0,06581175;0,05399796;-0,8441843
-0,06781958;0,05464258;-0,8674694
-0,06781958;0,05464258;-0,8674694
-0,06781958;0,05464258;-0,8674694
-0,06781958;0,05464258;-0,8674694
-0,06823586;0,05828593;-0,8877288
-0,06823586;0,05828593;-0,8877288
-0,06823586;0,05828593;-0,8877288
-0,06944197;0,06151335;-0,9032152
-0,06944197;0,06151335;-0,9032152
-0,06944197;0,06151335;-0,9032152
-0,06944197;0,06151335;-0,9032152
-0,06944197;0,06151335;-0,9032152
-0,07152691;0,06406667;-0,9176568
-0,07152691;0,06406667;-0,9176568
-0,07344925;0,0651188;-0,9305866
-0,07344925;0,0651188;-0,9305866
-0,07344925;0,0651188;-0,9305866
-0,07344925;0,0651188;-0,9305866
-0,07344925;0,0651188;-0,9305866
-0,07344925;0,0651188;-0,9305866
-0,07353029;0,06848942;-0,9456627
-0,07353029;0,06848942;-0,9456627
-0,07229327;0,07369817;-0,9584768
-0,07229327;0,07369817;-0,9584768
-0,07229327;0,07369817;-0,9584768
-0,07149811;0,07687472;-0,9666321
-0,07149811;0,07687472;-0,9666321
-0,07149811;0,07687472;-0,9666321
-0,07149811;0,07687472;-0,9666321
-0,06872585;0,078036;-0,9732836
-0,06872585;0,078036;-0,9732836
-0,06405611;0,07901625;-0,9789156
-0,06405611;0,07901625;-0,9789156
-0,06405611;0,07901625;-0,9789156
-0,05895858;0,08367894;-0,9847198
-0,05895858;0,08367894;-0,9847198
-0,05895858;0,08367894;-0,9847198
-0,05542788;0,08957926;-0,988601
-0,05542788;0,08957926;-0,988601
-0,05542788;0,08957926;-0,988601
-0,05542788;0,08957926;-0,988601
-0,05189696;0,09244069;-0,9910586
-0,05189696;0,09244069;-0,9910586
-0,05189696;0,09244069;-0,9910586
-0,05189696;0,09244069;-0,9910586
-0,04694378;0,09495778;-0,9932727
-0,04694378;0,09495778;-0,9932727
-0,04694378;0,09495778;-0,9932727
-0,04694378;0,09495778;-0,9932727
-0,04694378;0,09495778;-0,9932727
-0,04396735;0,09978496;-0,9938499
-0,04396735;0,09978496;-0,9938499
-0,04012417;0,1046437;-0,9936939
-0,04012417;0,1046437;-0,9936939
-0,04012417;0,1046437;-0,9936939
-0,04012417;0,1046437;-0,9936939
-0,04012417;0,1046437;-0,9936939
-0,03427586;0,1127886;-0,9925747
-0,03427586;0,1127886;-0,9925747
-0,03427586;0,1127886;-0,9925747
-0,02871847;0,1182009;-0,9913952
-0,02871847;0,1182009;-0,9913952
-0,02871847;0,1182009;-0,9913952
-0,02871847;0,1182009;-0,9913952
-0,02309231;0,1256785;-0,9891777
-0,02309231;0,1256785;-0,9891777
-0,02309231;0,1256785;-0,9891777
-0,02309231;0,1256785;-0,9891777
-0,02203696;0,1291202;-0,9872197
-0,02203696;0,1291202;-0,9872197
-0,02203696;0,1291202;-0,9872197
-0,02203696;0,1291202;-0,9872197
-0,02181803;0,1290063;-0,9861166
-0,02181803;0,1290063;-0,9861166
-0,02181803;0,1290063;-0,9861166
-0,02181803;0,1290063;-0,9861166
-0,02052306;0,128126;-0,9847401
-0,02052306;0,128126;-0,9847401
-0,02052306;0,128126;-0,9847401
-0,02052306;0,128126;-0,9847401
-0,01839083;0,1262543;-0,9840151
-0,01839083;0,1262543;-0,9840151
-0,01839083;0,1262543;-0,9840151
-0,01747045;0,1259059;-0,9838623
-0,01747045;0,1259059;-0,9838623
-0,01747045;0,1259059;-0,9838623
-0,01747045;0,1259059;-0,9838623
-0,01645861;0,1269617;-0,9831923
-0,01645861;0,1269617;-0,9831923
-0,01645861;0,1269617;-0,9831923
-0,01645861;0,1269617;-0,9831923
-0,01693892;0,1260561;-0,9831166
-0,01693892;0,1260561;-0,9831166
-0,01693892;0,1260561;-0,9831166
-0,01693892;0,1260561;-0,9831166
-0,01797335;0,1264428;-0,9831071
-0,01797335;0,1264428;-0,9831071
-0,01797335;0,1264428;-0,9831071
-0,01797335;0,1264428;-0,9831071
-0,01853546;0,1254872;-0,9834874
-0,01853546;0,1254872;-0,9834874
-0,01853546;0,1254872;-0,9834874
-0,01866057;0,1242852;-0,9839164
-0,01866057;0,1242852;-0,9839164
-0,01866057;0,1242852;-0,9839164
-0,01866057;0,1242852;-0,9839164
-0,01873669;0,123159;-0,984321
-0,01873669;0,123159;-0,984321
-0,01873669;0,123159;-0,984321
-0,01921254;0,1239536;-0,9843259
-0,01921254;0,1239536;-0,9843259
-0,01921254;0,1239536;-0,9843259
-0,01921254;0,1239536;-0,9843259
-0,01972762;0,1236264;-0,9845188
-0,01972762;0,1236264;-0,9845188
-0,01972762;0,1236264;-0,9845188
-0,01972762;0,1236264;-0,9845188
-0,01993306;0,1237598;-0,9849675
-0,01993306;0,1237598;-0,9849675
-0,01993306;0,1237598;-0,9849675
-0,01993306;0,1237598;-0,9849675
-0,02005138;0,1238761;-0,9850954
-0,02005138;0,1238761;-0,9850954
-0,02005138;0,1238761;-0,9850954
-0,02015884;0,1236419;-0,9851474
-0,02015884;0,1236419;-0,9851474
-0,02015884;0,1236419;-0,9851474
-0,01998267;0,1235003;-0,9852827
-0,01998267;0,1235003;-0,9852827
-0,01998267;0,1235003;-0,9852827
-0,01998267;0,1235003;-0,9852827
-0,02122166;0,1227194;-0,985545
-0,02122166;0,1227194;-0,985545
-0,02144837;0,1221838;-0,9856606
-0,02144837;0,1221838;-0,9856606
-0,02144837;0,1221838;-0,9856606
-0,02159484;0,1224833;-0,985497
-0,02159484;0,1224833;-0,985497
-0,02159484;0,1224833;-0,985497
-0,02158951;0,1244021;-0,9854709
-0,02158951;0,1244021;-0,9854709
-0,02158951;0,1244021;-0,9854709
-0,02158951;0,1244021;-0,9854709
-0,02240706;0,1249164;-0,9856519
-0,02240706;0,1249164;-0,9856519
-0,02240706;0,1249164;-0,9856519
-0,02240706;0,1249164;-0,9856519
-0,02205445;0,123662;-0,9859003
-0,02205445;0,123662;-0,9859003
-0,02205445;0,123662;-0,9859003
-0,02205445;0,123662;-0,9859003
-0,0219052;0,1236638;-0,9858122
-0,0219052;0,1236638;-0,9858122
-0,0219052;0,1236638;-0,9858122
-0,02198512;0,1223722;-0,985762
-0,02198512;0,1223722;-0,985762
-0,02198512;0,1223722;-0,985762
-0,02221357;0,1215017;-0,9857697
-0,02221357;0,1215017;-0,9857697
-0,02221357;0,1215017;-0,9857697
-0,02221357;0,1215017;-0,9857697
-0,02245247;0,1209249;-0,9859279
-0,02245247;0,1209249;-0,9859279
-0,02245247;0,1209249;-0,9859279
-0,02245247;0,1209249;-0,9859279
-0,02302952;0,1228457;-0,986044
-0,02302952;0,1228457;-0,986044
-0,02302952;0,1228457;-0,986044
-0,02303061;0,1221456;-0,9863972
-0,02303061;0,1221456;-0,9863972
-0,02303061;0,1221456;-0,9863972
-0,02303061;0,1221456;-0,9863972
-0,02303061;0,1221456;-0,9863972
-0,02303061;0,1221456;-0,9863972
-0,02221387;0,1212031;-0,9866083
-0,02221387;0,1212031;-0,9866083
-0,02192993;0,1219975;-0,9865577
-0,02192993;0,1219975;-0,9865577
-0,02192993;0,1219975;-0,9865577
-0,02192993;0,1219975;-0,9865577
-0,02192993;0,1219975;-0,9865577
-0,02152103;0,1205475;-0,9867033
-0,02152103;0,1205475;-0,9867033
-0,02152103;0,1205475;-0,9867033
-0,02150517;0,1201156;-0,9866853
-0,02150517;0,1201156;-0,9866853
-0,02150517;0,1201156;-0,9866853
-0,02150517;0,1201156;-0,9866853
-0,02144366;0,1189369;-0,9869201
-0,02144366;0,1189369;-0,9869201
-0,02144366;0,1189369;-0,9869201
-0,02131283;0,1186763;-0,9870607
-0,02131283;0,1186763;-0,9870607
-0,02131283;0,1186763;-0,9870607
-0,02131283;0,1186763;-0,9870607
-0,0213857;0,1191759;-0,9872092
-0,0213857;0,1191759;-0,9872092
-0,0213857;0,1191759;-0,9872092
-0,0213857;0,1191759;-0,9872092
-0,02077635;0,1189043;-0,9872517
-0,02077635;0,1189043;-0,9872517
-0,02077635;0,1189043;-0,9872517
-0,02077635;0,1189043;-0,9872517
-0,02033749;0,119245;-0,9871525
-0,02033749;0,119245;-0,9871525
-0,02033749;0,119245;-0,9871525
-0,01989295;0,1199057;-0,9870498
-0,01989295;0,1199057;-0,9870498
-0,01989295;0,1199057;-0,9870498
-0,01989295;0,1199057;-0,9870498
-0,01946779;0,1200542;-0,986877
-0,01946779;0,1200542;-0,986877
-0,01946779;0,1200542;-0,986877
-0,01946779;0,1200542;-0,986877
-0,01947029;0,1201345;-0,9869103
-0,01947029;0,1201345;-0,9869103
-0,01947029;0,1201345;-0,9869103
-0,01949521;0,1200447;-0,9870728
-0,01949521;0,1200447;-0,9870728
-0,01949521;0,1200447;-0,9870728
-0,01949521;0,1200447;-0,9870728
-0,01899888;0,1187104;-0,9872478
-0,01899888;0,1187104;-0,9872478
-0,01899888;0,1187104;-0,9872478
-0,01899888;0,1187104;-0,9872478
-0,01870559;0,1169591;-0,9874532
-0,01870559;0,1169591;-0,9874532
-0,01870559;0,1169591;-0,9874532
-0,01870559;0,1169591;-0,9874532
-0,01862079;0,1167368;-0,9874227
-0,01862079;0,1167368;-0,9874227
-0,01862079;0,1167368;-0,9874227
-0,01884824;0,1171159;-0,9873254
-0,01884824;0,1171159;-0,9873254
-0,01884824;0,1171159;-0,9873254
-0,01890182;0,1179316;-0,9873333
-0,01890182;0,1179316;-0,9873333
-0,01890182;0,1179316;-0,9873333
-0,01890182;0,1179316;-0,9873333
-0,01865037;0,1180954;-0,9873436
-0,01865037;0,1180954;-0,9873436
-0,01865037;0,1180954;-0,9873436
-0,01834862;0,1181113;-0,9872995
-0,01834862;0,1181113;-0,9872995
-0,01834862;0,1181113;-0,9872995
-0,01834862;0,1181113;-0,9872995
-0,01831718;0,1184814;-0,9872051
-0,01831718;0,1184814;-0,9872051
-0,01831718;0,1184814;-0,9872051
-0,01817169;0,1180168;-0,9872097
-0,01817169;0,1180168;-0,9872097
-0,01817169;0,1180168;-0,9872097
-0,01817169;0,1180168;-0,9872097
-0,0184729;0,1184337;-0,9871154
-0,0184729;0,1184337;-0,9871154
-0,0184729;0,1184337;-0,9871154
-0,0184729;0,1184337;-0,9871154
-0,01868913;0,1183297;-0,9872153
-0,01868913;0,1183297;-0,9872153
-0,01868913;0,1183297;-0,9872153
-0,01882832;0,1182578;-0,9872224
-0,01882832;0,1182578;-0,9872224
-0,01882832;0,1182578;-0,9872224
-0,01882832;0,1182578;-0,9872224
-0,01906085;0,1188083;-0,9871456
-0,01906085;0,1188083;-0,9871456
-0,01906085;0,1188083;-0,9871456
-0,01924147;0,1198496;-0,9870573
-0,01924147;0,1198496;-0,9870573
-0,01924147;0,1198496;-0,9870573
-0,01924147;0,1198496;-0,9870573
-0,01924147;0,1198496;-0,9870573
-0,01916584;0,1208955;-0,9870148
-0,01916584;0,1208955;-0,9870148
-0,01916584;0,1208955;-0,9870148
-0,01916584;0,1208955;-0,9870148
-0,01881084;0,1208441;-0,9871435
-0,01881084;0,1208441;-0,9871435
-0,01881084;0,1208441;-0,9871435
-0,01881084;0,1208441;-0,9871435
-0,01831355;0,1201573;-0,9873167
-0,01831355;0,1201573;-0,9873167
-0,01831355;0,1201573;-0,9873167
-0,01810324;0,1193398;-0,9876209
-0,01810324;0,1193398;-0,9876209
-0,01810324;0,1193398;-0,9876209
-0,01810324;0,1193398;-0,9876209
-0,01791273;0,1190286;-0,9879975
-0,01791273;0,1190286;-0,9879975
-0,01791273;0,1190286;-0,9879975
-0,01712492;0,1185398;-0,9883639
-0,01712492;0,1185398;-0,9883639
-0,01712492;0,1185398;-0,9883639
-0,01712492;0,1185398;-0,9883639
-0,01712492;0,1185398;-0,9883639
-0,01648652;0,1189321;-0,9887622
-0,01648652;0,1189321;-0,9887622
-0,01619907;0,1180917;-0,9892254
-0,01619907;0,1180917;-0,9892254
-0,01619907;0,1180917;-0,9892254
-0,01619907;0,1180917;-0,9892254
-0,01619907;0,1180917;-0,9892254
-0,01557712;0,1175093;-0,9899818
-0,01557712;0,1175093;-0,9899818
-0,01557712;0,1175093;-0,9899818
-0,01534987;0,1168004;-0,990961
-0,01534987;0,1168004;-0,990961
-0,01534987;0,1168004;-0,990961
-0,01534987;0,1168004;-0,990961
-0,01498172;0,1167128;-0,9919835
-0,01498172;0,1167128;-0,9919835
-0,01498172;0,1167128;-0,9919835
-0,01445505;0,1162284;-0,9923947
-0,01445505;0,1162284;-0,9923947
-0,01445505;0,1162284;-0,9923947
-0,01445505;0,1162284;-0,9923947
-0,01386254;0,1145021;-0,9931738
-0,01386254;0,1145021;-0,9931738
-0,01386254;0,1145021;-0,9931738
-0,01386254;0,1145021;-0,9931738
-0,01324349;0,1124952;-0,993538
-0,01324349;0,1124952;-0,993538
-0,01324349;0,1124952;-0,993538
-0,01309526;0,1110513;-0,9934595
-0,01309526;0,1110513;-0,9934595
-0,01309526;0,1110513;-0,9934595
-0,01305814;0,1083495;-0,9930832
-0,01305814;0,1083495;-0,9930832
-0,01305814;0,1083495;-0,9930832
-0,01286967;0,1060577;-0,9922921
-0,01286967;0,1060577;-0,9922921
-0,01286967;0,1060577;-0,9922921
-0,01255681;0,1034462;-0,9909866
-0,01255681;0,1034462;-0,9909866
-0,01255681;0,1034462;-0,9909866
-0,01283107;0,1005058;-0,9896336
-0,01283107;0,1005058;-0,9896336
-0,01283107;0,1005058;-0,9896336
-0,01283107;0,1005058;-0,9896336
-0,01304865;0,09720241;-0,9882752
-0,01304865;0,09720241;-0,9882752
-0,01359506;0,09407678;-0,9864509
-0,01359506;0,09407678;-0,9864509
-0,01359506;0,09407678;-0,9864509
-0,01370261;0,09004167;-0,9829757
-0,01370261;0,09004167;-0,9829757
-0,01370261;0,09004167;-0,9829757
-0,01355509;0,0867293;-0,9789376
-0,01355509;0,0867293;-0,9789376
-0,01355509;0,0867293;-0,9789376
-0,01355509;0,0867293;-0,9789376
-0,01410257;0,08225374;-0,9708991
-0,01410257;0,08225374;-0,9708991
-0,01410257;0,08225374;-0,9708991
-0,01496367;0,07953399;-0,9654462
-0,01496367;0,07953399;-0,9654462
-0,01496367;0,07953399;-0,9654462
-0,01581243;0,07711472;-0,9573659
-0,01581243;0,07711472;-0,9573659
-0,01581243;0,07711472;-0,9573659
-0,01581243;0,07711472;-0,9573659
-0,01645719;0,07385479;-0,948472
-0,01645719;0,07385479;-0,948472
-0,01645719;0,07385479;-0,948472
-0,01645719;0,07385479;-0,948472
-0,01599452;0,0694831;-0,9343123
-0,01599452;0,0694831;-0,9343123
-0,01599452;0,0694831;-0,9343123
-0,01599452;0,0694831;-0,9343123
-0,01390903;0,06128558;-0,9122197
-0,01390903;0,06128558;-0,9122197
-0,01390903;0,06128558;-0,9122197
-0,01390903;0,06128558;-0,9122197
-0,01390903;0,06128558;-0,9122197
-0,01390903;0,06128558;-0,9122197
-0,01239031;0,05237726;-0,8863767
-0,01239031;0,05237726;-0,8863767
-0,01149322;0,04627484;-0,8610027
-0,01149322;0,04627484;-0,8610027
-0,01149322;0,04627484;-0,8610027
-0,01149322;0,04627484;-0,8610027
-0,01149322;0,04627484;-0,8610027
-0,01137945;0,04249439;-0,8376218
-0,01137945;0,04249439;-0,8376218
-0,01137945;0,04249439;-0,8376218
-0,01057937;0,03947738;-0,819224
-0,01057937;0,03947738;-0,819224
-0,01057937;0,03947738;-0,819224
-0,00971483;0,03575447;-0,7949256
-0,00971483;0,03575447;-0,7949256
-0,00971483;0,03575447;-0,7949256
-0,01037089;0,03141727;-0,7682819
-0,01037089;0,03141727;-0,7682819
-0,01037089;0,03141727;-0,7682819
-0,01037089;0,03141727;-0,7682819
-0,009849561;0,02588076;-0,733804
-0,009849561;0,02588076;-0,733804
-0,009849561;0,02588076;-0,733804
-0,008811771;0,02278147;-0,6878
-0,008811771;0,02278147;-0,6878
-0,008811771;0,02278147;-0,6878
-0,008811771;0,02278147;-0,6878
-0,008811771;0,02278147;-0,6878
-0,009921976;0,02050067;-0,6539514
-0,009921976;0,02050067;-0,6539514
-0,009921976;0,02050067;-0,6539514
-0,00909405;0,01711174;-0,6208242
-0,00909405;0,01711174;-0,6208242
-0,00909405;0,01711174;-0,6208242
-0,007601211;0,01481161;-0,5958629
-0,007601211;0,01481161;-0,5958629
-0,007601211;0,01481161;-0,5958629
-0,007601211;0,01481161;-0,5958629
-0,005403037;0,01383979;-0,5678242
-0,005403037;0,01383979;-0,5678242
-0,005403037;0,01383979;-0,5678242
-0,00138766;0,01376001;-0,5173469
-0,00138766;0,01376001;-0,5173469
-0,00138766;0,01376001;-0,5173469
0,002878965;0,0114132;-0,4594542
0,002878965;0,0114132;-0,4594542
0,002878965;0,0114132;-0,4594542
0,002878965;0,0114132;-0,4594542
0,002878965;0,0114132;-0,4594542
0,004421503;0,007178726;-0,4098917
0,004421503;0,007178726;-0,4098917
0,004421503;0,007178726;-0,4098917
0,008983362;0,006253082;-0,3538055
0,008983362;0,006253082;-0,3538055
0,008983362;0,006253082;-0,3538055
0,008983362;0,006253082;-0,3538055
0,008983362;0,006253082;-0,3538055
0,007869441;0,004982632;-0,3141015
0,007869441;0,004982632;-0,3141015
0,007869441;0,004982632;-0,3141015
0,008998076;0,00287108;-0,2751033
0,008998076;0,00287108;-0,2751033
0,008998076;0,00287108;-0,2751033
0,008998076;0,00287108;-0,2751033
0,00593715;-0,0003606826;-0,2141707
0,00593715;-0,0003606826;-0,2141707
0,00593715;-0,0003606826;-0,2141707
0,00593715;-0,0003606826;-0,2141707
0,007580496;-0,003517731;-0,1835348
0,007580496;-0,003517731;-0,1835348
0,007580496;-0,003517731;-0,1835348
0,009711972;-0,005281164;-0,1617548
0,009711972;-0,005281164;-0,1617548
0,01171649;-0,007432355;-0,1338908
0,01171649;-0,007432355;-0,1338908
0,01171649;-0,007432355;-0,1338908
0,01199103;-0,009829653;-0,1097429
0,01199103;-0,009829653;-0,1097429
0,01199103;-0,009829653;-0,1097429
0,008529291;-0,01304357;-0,09805877
0,008529291;-0,01304357;-0,09805877
0,008529291;-0,01304357;-0,09805877
0,003122878;-0,01601888;-0,09624725
0,003122878;-0,01601888;-0,09624725
0,003122878;-0,01601888;-0,09624725
0,003122878;-0,01601888;-0,09624725
0,003122878;-0,01601888;-0,09624725
0,001633309;-0,01725752;-0,08863778
0,001633309;-0,01725752;-0,08863778
0,001633309;-0,01725752;-0,08863778
0,0001701538;-0,01791212;-0,08427606
0,0001701538;-0,01791212;-0,08427606
0,0001701538;-0,01791212;-0,08427606
0,0001701538;-0,01791212;-0,08427606
0,0004902666;-0,01829687;-0,08103207
0,0004902666;-0,01829687;-0,08103207
0,0009256103;-0,01779005;-0,08070131
0,0009256103;-0,01779005;-0,08070131
0,0009256103;-0,01779005;-0,08070131
0,0009256103;-0,01779005;-0,08070131
0,0009256103;-0,01779005;-0,08070131
0,002043537;-0,01670045;-0,0808408
0,002043537;-0,01670045;-0,0808408
0,002043537;-0,01670045;-0,0808408
0,002965892;-0,01597738;-0,0810121
0,002965892;-0,01597738;-0,0810121
0,002965892;-0,01597738;-0,0810121
0,002965892;-0,01597738;-0,0810121
0,004843992;-0,01479017;-0,08746889
0,004843992;-0,01479017;-0,08746889
0,004843992;-0,01479017;-0,08746889
0,004843992;-0,01479017;-0,08746889
0,004839889;-0,01477187;-0,08796953
0,004839889;-0,01477187;-0,08796953
0,004839889;-0,01477187;-0,08796953
0,00442282;-0,01501728;-0,08663179
0,00442282;-0,01501728;-0,08663179
0,00442282;-0,01501728;-0,08663179
0,00442282;-0,01501728;-0,08663179
0,003394544;-0,01547006;-0,08704081
0,003394544;-0,01547006;-0,08704081
0,003394544;-0,01547006;-0,08704081
0,003394544;-0,01547006;-0,08704081
0,001559354;-0,01619012;-0,08670423
0,001559354;-0,01619012;-0,08670423
0,001559354;-0,01619012;-0,08670423
0,001312565;-0,01657729;-0,08835229
0,001312565;-0,01657729;-0,08835229
0,001312565;-0,01657729;-0,08835229
0,001312565;-0,01657729;-0,08835229
0,0007434658;-0,0165806;-0,08979917
0,0007434658;-0,0165806;-0,08979917
0,0007434658;-0,0165806;-0,08979917
0,0007434658;-0,0165806;-0,08979917
0,0007434658;-0,0165806;-0,08979917
0,001003849;-0,01666719;-0,08977527
0,001003849;-0,01666719;-0,08977527
0,001003849;-0,01666719;-0,08977527
0,0009013766;-0,01668824;-0,08914086
0,0009013766;-0,01668824;-0,08914086
0,0009013766;-0,01668824;-0,08914086
0,0009013766;-0,01668824;-0,08914086
0,000904817;-0,01657965;-0,08842145
0,000904817;-0,01657965;-0,08842145
0,000904817;-0,01657965;-0,08842145
0,001233004;-0,01657338;-0,08808938
0,001233004;-0,01657338;-0,08808938
0,001233004;-0,01657338;-0,08808938
0,001233004;-0,01657338;-0,08808938
0,0009169061;-0,01677203;-0,08728781
0,0009169061;-0,01677203;-0,08728781
0,0008735764;-0,01677957;-0,08787502
0,0008735764;-0,01677957;-0,08787502
0,0008735764;-0,01677957;-0,08787502
0,0008344506;-0,01663695;-0,08705363
0,0008344506;-0,01663695;-0,08705363
0,0008344506;-0,01663695;-0,08705363
0,0007281916;-0,01646371;-0,08609687
0,0007281916;-0,01646371;-0,08609687
0,001015182;-0,01637582;-0,08512536
0,001015182;-0,01637582;-0,08512536
0,001015182;-0,01637582;-0,08512536
0,001277174;-0,01610616;-0,08434628
0,001277174;-0,01610616;-0,08434628
0,001277174;-0,01610616;-0,08434628
0,001601565;-0,01543477;-0,084042
0,001601565;-0,01543477;-0,084042
0,001601565;-0,01543477;-0,084042
0,001601565;-0,01543477;-0,084042
0,001694788;-0,01502667;-0,08260363
0,001694788;-0,01502667;-0,08260363
0,001694788;-0,01502667;-0,08260363
0,001880225;-0,0147272;-0,08245801
0,001880225;-0,0147272;-0,08245801
0,001880225;-0,0147272;-0,08245801
0,002090327;-0,01461867;-0,08104052
0,002090327;-0,01461867;-0,08104052
0,002090327;-0,01461867;-0,08104052
0,001958252;-0,01460245;-0,08006621
0,001958252;-0,01460245;-0,08006621
0,002126373;-0,01470413;-0,07911212
0,002126373;-0,01470413;-0,07911212
0,002126373;-0,01470413;-0,07911212
0,002566785;-0,01493169;-0,07848234
0,002566785;-0,01493169;-0,07848234
0,002566785;-0,01493169;-0,07848234
0,002698432;-0,01525659;-0,07750492
0,002698432;-0,01525659;-0,07750492
0,003422516;-0,01568503;-0,07683616
0,003422516;-0,01568503;-0,07683616
0,003422516;-0,01568503;-0,07683616
0,003422516;-0,01568503;-0,07683616
0,003422516;-0,01568503;-0,07683616
0,003735343;-0,01589943;-0,07501649
0,003735343;-0,01589943;-0,07501649
0,003735343;-0,01589943;-0,07501649
0,003938938;-0,01586418;-0,07396509
0,003938938;-0,01586418;-0,07396509
0,003938938;-0,01586418;-0,07396509
0,003938938;-0,01586418;-0,07396509
0,003710124;-0,01589854;-0,07218774
0,003710124;-0,01589854;-0,07218774
0,003710124;-0,01589854;-0,07218774
0,00346062;-0,01619531;-0,06827616
0,00346062;-0,01619531;-0,06827616
0,00346062;-0,01619531;-0,06827616
0,00346062;-0,01619531;-0,06827616
0,002945021;-0,01674464;-0,06354291
0,002945021;-0,01674464;-0,06354291
0,002945021;-0,01674464;-0,06354291
0,002945021;-0,01674464;-0,06354291
0,001918399;-0,01830471;-0,05580283
0,001918399;-0,01830471;-0,05580283
0,001918399;-0,01830471;-0,05580283
0,001918399;-0,01830471;-0,05580283
0,002477321;-0,02074027;-0,04075289
0,002477321;-0,02074027;-0,04075289
0,002477321;-0,02074027;-0,04075289
0,002477321;-0,02074027;-0,04075289
0,00446354;-0,02398858;-0,0132525
0,00446354;-0,02398858;-0,0132525
0,00446354;-0,02398858;-0,0132525
0,00446354;-0,02398858;-0,0132525
0,007238534;-0,02889316;0,01790859
0,007238534;-0,02889316;0,01790859
0,007238534;-0,02889316;0,01790859
0,007238534;-0,02889316;0,01790859
0,009964807;-0,03363233;0,04670101
0,009964807;-0,03363233;0,04670101
0,009964807;-0,03363233;0,04670101
0,01356327;-0,03848501;0,0796639
0,01356327;-0,03848501;0,0796639
0,01356327;-0,03848501;0,0796639
0,01356327;-0,03848501;0,0796639
0,01356327;-0,03848501;0,0796639
0,01389377;-0,04278852;0,1019824
0,01389377;-0,04278852;0,1019824
0,01389377;-0,04278852;0,1019824
0,01349871;-0,04653396;0,1241423
0,01349871;-0,04653396;0,1241423
0,01349871;-0,04653396;0,1241423
0,01349871;-0,04653396;0,1241423
0,01349871;-0,04653396;0,1241423
0,0154866;-0,05067403;0,1661572
0,0154866;-0,05067403;0,1661572
0,0154866;-0,05067403;0,1661572
0,01762327;-0,05390511;0,2014085
0,01762327;-0,05390511;0,2014085
0,01762327;-0,05390511;0,2014085
0,0182147;-0,05634375;0,2293252
0,0182147;-0,05634375;0,2293252
0,0182147;-0,05634375;0,2293252
0,0182147;-0,05634375;0,2293252
0,01906944;-0,05999317;0,2672879
0,01906944;-0,05999317;0,2672879
0,01906944;-0,05999317;0,2672879
0,02106064;-0,06350552;0,313527
0,02106064;-0,06350552;0,313527
0,02106064;-0,06350552;0,313527
0,02352912;-0,06708894;0,3580592
0,02352912;-0,06708894;0,3580592
0,02352912;-0,06708894;0,3580592
0,02770724;-0,07372827;0,4290006
0,02770724;-0,07372827;0,4290006
0,02770724;-0,07372827;0,4290006
0,02770724;-0,07372827;0,4290006
0,028654;-0,07663841;0,4670835
0,028654;-0,07663841;0,4670835
0,028654;-0,07663841;0,4670835
0,02816228;-0,0804187;0,5182673
0,02816228;-0,0804187;0,5182673
0,02816228;-0,0804187;0,5182673
0,02742282;-0,08277447;0,5467622
0,02742282;-0,08277447;0,5467622
0,02742282;-0,08277447;0,5467622
0,02742282;-0,08277447;0,5467622
0,0257765;-0,08803289;0,5773811
0,0257765;-0,08803289;0,5773811
0,0257765;-0,08803289;0,5773811
0,02477053;-0,09272483;0,6003489
0,02477053;-0,09272483;0,6003489
0,02211884;-0,09531271;0,6239027
0,02211884;-0,09531271;0,6239027
0,02211884;-0,09531271;0,6239027
0,01615196;-0,1025733;0,6528178
0,01615196;-0,1025733;0,6528178
0,01615196;-0,1025733;0,6528178
0,007085457;-0,1107971;0,6763121
0,007085457;-0,1107971;0,6763121
0,007085457;-0,1107971;0,6763121
-0,007063473;-0,1254451;0,7093568
-0,007063473;-0,1254451;0,7093568
-0,007063473;-0,1254451;0,7093568
-0,02005433;-0,1403551;0,7344196
-0,02005433;-0,1403551;0,7344196
-0,02005433;-0,1403551;0,7344196
-0,03698716;-0,1630838;0,7582421
-0,03698716;-0,1630838;0,7582421
-0,03698716;-0,1630838;0,7582421
-0,03698716;-0,1630838;0,7582421
-0,05291893;-0,1902474;0,7863715
-0,05291893;-0,1902474;0,7863715
-0,05291893;-0,1902474;0,7863715
-0,0677649;-0,2130756;0,8069887
-0,0677649;-0,2130756;0,8069887
-0,0677649;-0,2130756;0,8069887
-0,0677649;-0,2130756;0,8069887
-0,07711951;-0,2332714;0,8207993
-0,07711951;-0,2332714;0,8207993
-0,07711951;-0,2332714;0,8207993
-0,08564494;-0,2497084;0,8317464
-0,08564494;-0,2497084;0,8317464
-0,08564494;-0,2497084;0,8317464
-0,08564494;-0,2497084;0,8317464
-0,08639956;-0,2573949;0,8464916
-0,08639956;-0,2573949;0,8464916
-0,08639956;-0,2573949;0,8464916
-0,08639956;-0,2573949;0,8464916
-0,08407606;-0,2587967;0,8602184
-0,08407606;-0,2587967;0,8602184
-0,08407606;-0,2587967;0,8602184
-0,08407606;-0,2587967;0,8602184
-0,08017866;-0,2524818;0,8717229
-0,08017866;-0,2524818;0,8717229
-0,08017866;-0,2524818;0,8717229
-0,07694682;-0,2491928;0,8769497
-0,07694682;-0,2491928;0,8769497
-0,07694682;-0,2491928;0,8769497
-0,07694682;-0,2491928;0,8769497
-0,06904422;-0,2491525;0,8857462
-0,06904422;-0,2491525;0,8857462
-0,06904422;-0,2491525;0,8857462
-0,06271607;-0,25048;0,8950069
-0,06271607;-0,25048;0,8950069
-0,06271607;-0,25048;0,8950069
-0,06271607;-0,25048;0,8950069
-0,05789752;-0,2516151;0,9029684
-0,05789752;-0,2516151;0,9029684
-0,05789752;-0,2516151;0,9029684
-0,05789752;-0,2516151;0,9029684
-0,05789752;-0,2516151;0,9029684
-0,05386817;-0,2544671;0,9096339
-0,05386817;-0,2544671;0,9096339
-0,05386817;-0,2544671;0,9096339
-0,05554245;-0,2551141;0,9126775
-0,05554245;-0,2551141;0,9126775
-0,05554245;-0,2551141;0,9126775
-0,05554245;-0,2551141;0,9126775
-0,05928434;-0,2488708;0,913168
-0,05928434;-0,2488708;0,913168
-0,05928434;-0,2488708;0,913168
-0,06285394;-0,2489333;0,9099885
-0,06285394;-0,2489333;0,9099885
-0,06285394;-0,2489333;0,9099885
-0,06285394;-0,2489333;0,9099885
-0,06361577;-0,2483404;0,9079458
-0,06361577;-0,2483404;0,9079458
-0,06361577;-0,2483404;0,9079458
-0,06313933;-0,2452648;0,9063153
-0,06313933;-0,2452648;0,9063153
-0,06313933;-0,2452648;0,9063153
-0,06313933;-0,2452648;0,9063153
-0,06313933;-0,2452648;0,9063153
-0,0602905;-0,2422526;0,9058769
-0,0602905;-0,2422526;0,9058769
-0,05700729;-0,238113;0,9073285
-0,05700729;-0,238113;0,9073285
-0,05700729;-0,238113;0,9073285
-0,05700729;-0,238113;0,9073285
-0,05700729;-0,238113;0,9073285
-0,05629013;-0,2353317;0,9088175
-0,05629013;-0,2353317;0,9088175
-0,05629013;-0,2353317;0,9088175
-0,05629013;-0,2353317;0,9088175
-0,05687932;-0,2346272;0,9087656
-0,05687932;-0,2346272;0,9087656
-0,05687932;-0,2346272;0,9087656
-0,05687932;-0,2346272;0,9087656
-0,05835506;-0,2334022;0,9065261
-0,05835506;-0,2334022;0,9065261
-0,05835506;-0,2334022;0,9065261
-0,05835506;-0,2334022;0,9065261
-0,05689779;-0,2323964;0,9051232
-0,05689779;-0,2323964;0,9051232
-0,05689779;-0,2323964;0,9051232
-0,05689779;-0,2323964;0,9051232
-0,05508161;-0,2310117;0,9053866
-0,05508161;-0,2310117;0,9053866
-0,05508161;-0,2310117;0,9053866
-0,05350343;-0,2294864;0,9064502
-0,05350343;-0,2294864;0,9064502
-0,05350343;-0,2294864;0,9064502
-0,05213641;-0,2270503;0,9073785
-0,05213641;-0,2270503;0,9073785
-0,05133507;-0,2273973;0,9069741
-0,05133507;-0,2273973;0,9069741
-0,05133507;-0,2273973;0,9069741
-0,05133507;-0,2273973;0,9069741
-0,05216134;-0,22725;0,9052465
-0,05216134;-0,22725;0,9052465
-0,05216134;-0,22725;0,9052465
-0,05216134;-0,22725;0,9052465
-0,05133773;-0,2239991;0,9033509
-0,05133773;-0,2239991;0,9033509
-0,05133773;-0,2239991;0,9033509
-0,05133773;-0,2239991;0,9033509
-0,04833515;-0,2209965;0,9046554
-0,04833515;-0,2209965;0,9046554
-0,04833515;-0,2209965;0,9046554
-0,04715617;-0,2209035;0,9059954
-0,04715617;-0,2209035;0,9059954
-0,04715617;-0,2209035;0,9059954
-0,04715617;-0,2209035;0,9059954
-0,04704829;-0,2192151;0,9057954
-0,04704829;-0,2192151;0,9057954
-0,04704829;-0,2192151;0,9057954
-0,04704829;-0,2192151;0,9057954
-0,04658705;-0,217608;0,9060321
-0,04658705;-0,217608;0,9060321
-0,04658705;-0,217608;0,9060321
-0,04658705;-0,217608;0,9060321
-0,04469314;-0,2173882;0,9046611
-0,04469314;-0,2173882;0,9046611
-0,04469314;-0,2173882;0,9046611
-0,04469314;-0,2173882;0,9046611
-0,04249231;-0,2182148;0,9034471
-0,04249231;-0,2182148;0,9034471
-0,04249231;-0,2182148;0,9034471
-0,04248994;-0,2194148;0,9017183
-0,04248994;-0,2194148;0,9017183
-0,04248994;-0,2194148;0,9017183
-0,04248994;-0,2194148;0,9017183
-0,04108275;-0,2155868;0,9011669
-0,04108275;-0,2155868;0,9011669
-0,04108275;-0,2155868;0,9011669
-0,03595198;-0,207215;0,9009278
-0,03595198;-0,207215;0,9009278
-0,03595198;-0,207215;0,9009278
-0,03595198;-0,207215;0,9009278
-0,03595198;-0,207215;0,9009278
-0,03305456;-0,2062752;0,9002486
-0,03305456;-0,2062752;0,9002486
-0,03143784;-0,2062208;0,9003989
-0,03143784;-0,2062208;0,9003989
-0,03143784;-0,2062208;0,9003989
-0,03143784;-0,2062208;0,9003989
-0,02984922;-0,2020461;0,9015328
-0,02984922;-0,2020461;0,9015328
-0,02984922;-0,2020461;0,9015328
-0,02984922;-0,2020461;0,9015328
-0,0293294;-0,2045186;0,9028019
-0,0293294;-0,2045186;0,9028019
-0,0293294;-0,2045186;0,9028019
-0,02915168;-0,2049986;0,9031177
-0,02915168;-0,2049986;0,9031177
-0,02915168;-0,2049986;0,9031177
-0,02962995;-0,2037993;0,9028237
-0,02962995;-0,2037993;0,9028237
-0,02962995;-0,2037993;0,9028237
-0,02962995;-0,2037993;0,9028237
-0,0309999;-0,2034006;0,9011088
-0,0309999;-0,2034006;0,9011088
-0,0309999;-0,2034006;0,9011088
-0,03120906;-0,202966;0,900246
-0,03120906;-0,202966;0,900246
-0,03119683;-0,2045877;0,898867
-0,03119683;-0,2045877;0,898867
-0,03119683;-0,2045877;0,898867
-0,03105509;-0,2051297;0,8986276
-0,03105509;-0,2051297;0,8986276
-0,03147592;-0,204167;0,8974643
-0,03147592;-0,204167;0,8974643
-0,03147592;-0,204167;0,8974643
-0,03126829;-0,2034231;0,8968869
-0,03126829;-0,2034231;0,8968869
-0,03126829;-0,2034231;0,8968869
-0,03126829;-0,2034231;0,8968869
-0,0309891;-0,2042519;0,8952724
-0,0309891;-0,2042519;0,8952724
-0,0309891;-0,2042519;0,8952724
-0,02971512;-0,2039906;0,8957934
-0,02971512;-0,2039906;0,8957934
-0,02971512;-0,2039906;0,8957934
-0,02971512;-0,2039906;0,8957934
-0,0300903;-0,2051035;0,8952846
-0,0300903;-0,2051035;0,8952846
-0,0300903;-0,2051035;0,8952846
-0,03028021;-0,205159;0,8955215
-0,03028021;-0,205159;0,8955215
-0,03028021;-0,205159;0,8955215
-0,03028021;-0,205159;0,8955215
-0,03105807;-0,2049389;0,8941497
-0,03105807;-0,2049389;0,8941497
-0,03105807;-0,2049389;0,8941497
-0,0310398;-0,2052679;0,8940433
-0,0310398;-0,2052679;0,8940433
-0,0310398;-0,2052679;0,8940433
-0,03112983;-0,2061458;0,8937574
-0,03112983;-0,2061458;0,8937574
-0,03112983;-0,2061458;0,8937574
-0,03174377;-0,2054142;0,8935751
-0,03174377;-0,2054142;0,8935751
-0,03174377;-0,2054142;0,8935751
-0,03174377;-0,2054142;0,8935751
-0,03174377;-0,2054142;0,8935751
-0,03186802;-0,2053296;0,8916924
-0,03186802;-0,2053296;0,8916924
-0,03186802;-0,2053296;0,8916924
-0,03186802;-0,2053296;0,8916924
-0,03170646;-0,2041516;0,8898559
-0,03170646;-0,2041516;0,8898559
-0,03170646;-0,2041516;0,8898559
-0,03178152;-0,202668;0,88784
-0,03178152;-0,202668;0,88784
-0,03178152;-0,202668;0,88784
-0,03073288;-0,200678;0,8861358
-0,03073288;-0,200678;0,8861358
-0,03073288;-0,200678;0,8861358
-0,03073288;-0,200678;0,8861358
-0,02866122;-0,2006074;0,8831284
-0,02866122;-0,2006074;0,8831284
-0,02866122;-0,2006074;0,8831284
-0,02866122;-0,2006074;0,8831284
-0,02610637;-0,1993715;0,879247
-0,02610637;-0,1993715;0,879247
-0,02610637;-0,1993715;0,879247
-0,02514201;-0,1966804;0,8721744
-0,02514201;-0,1966804;0,8721744
-0,02514201;-0,1966804;0,8721744
-0,02514201;-0,1966804;0,8721744
-0,02182011;-0,1906163;0,8613392
-0,02182011;-0,1906163;0,8613392
-0,02182011;-0,1906163;0,8613392
-0,01708611;-0,1825465;0,8521257
-0,01708611;-0,1825465;0,8521257
-0,01708611;-0,1825465;0,8521257
-0,008713809;-0,1732016;0,8441984
-0,008713809;-0,1732016;0,8441984
-0,008713809;-0,1732016;0,8441984
-0,002856032;-0,1692016;0,8367173
-0,002856032;-0,1692016;0,8367173
-0,002856032;-0,1692016;0,8367173
0,001263452;-0,1668853;0,8273413
0,001263452;-0,1668853;0,8273413
0,001263452;-0,1668853;0,8273413
0,001263452;-0,1668853;0,8273413
0,001263452;-0,1668853;0,8273413
0,006099522;-0,1657691;0,8158642
0,006099522;-0,1657691;0,8158642
0,006099522;-0,1657691;0,8158642
0,006062772;-0,1631862;0,8001018
0,006062772;-0,1631862;0,8001018
0,006062772;-0,1631862;0,8001018
0,006062772;-0,1631862;0,8001018
0,003070893;-0,1598246;0,7763096
0,003070893;-0,1598246;0,7763096
0,003070893;-0,1598246;0,7763096
0,003070893;-0,1598246;0,7763096
0,001838289;-0,1593839;0,7553392
0,001838289;-0,1593839;0,7553392
0,001838289;-0,1593839;0,7553392
0,0002375169;-0,1616473;0,7312753
0,0002375169;-0,1616473;0,7312753
0,0002375169;-0,1616473;0,7312753
0,0002375169;-0,1616473;0,7312753
-0,003686539;-0,1649002;0,69903
-0,003686539;-0,1649002;0,69903
-0,003686539;-0,1649002;0,69903
-0,003686539;-0,1649002;0,69903
-0,008044023;-0,1654978;0,6680359
-0,008044023;-0,1654978;0,6680359
-0,008044023;-0,1654978;0,6680359
-0,01280537;-0,1649585;0,6472179
-0,01280537;-0,1649585;0,6472179
-0,01280537;-0,1649585;0,6472179
-0,01280537;-0,1649585;0,6472179
-0,02064183;-0,1646301;0,6060801
-0,02064183;-0,1646301;0,6060801
-0,02064183;-0,1646301;0,6060801
-0,02064183;-0,1646301;0,6060801
-0,02064183;-0,1646301;0,6060801
-0,03300947;-0,16168;0,5492418
-0,03300947;-0,16168;0,5492418
-0,03689492;-0,1591882;0,517969
-0,03689492;-0,1591882;0,517969
-0,03689492;-0,1591882;0,517969
-0,04109933;-0,1564863;0,4926177
-0,04109933;-0,1564863;0,4926177
-0,04109933;-0,1564863;0,4926177
-0,04109933;-0,1564863;0,4926177
-0,04100424;-0,1527895;0,4711671
-0,04100424;-0,1527895;0,4711671
-0,03874987;-0,1465997;0,4458899
-0,03874987;-0,1465997;0,4458899
-0,03874987;-0,1465997;0,4458899
-0,03806859;-0,1446294;0,4192198
-0,03806859;-0,1446294;0,4192198
-0,03806859;-0,1446294;0,4192198
-0,03826224;-0,1420006;0,3909947
-0,03826224;-0,1420006;0,3909947
-0,03826224;-0,1420006;0,3909947
-0,03826224;-0,1420006;0,3909947
-0,03762606;-0,1380077;0,359514
-0,03762606;-0,1380077;0,359514
-0,03762606;-0,1380077;0,359514
-0,03762606;-0,1380077;0,359514
-0,0352472;-0,1342856;0,3292739
-0,0352472;-0,1342856;0,3292739
-0,0352472;-0,1342856;0,3292739
-0,03187327;-0,1278703;0,2898645
-0,03187327;-0,1278703;0,2898645
-0,03187327;-0,1278703;0,2898645
-0,03076313;-0,121664;0,2525829
-0,03076313;-0,121664;0,2525829
-0,03076313;-0,121664;0,2525829
-0,03076313;-0,121664;0,2525829
-0,03076313;-0,121664;0,2525829
-0,03076313;-0,121664;0,2525829
-0,03521809;-0,1138203;0,1860726
-0,03521809;-0,1138203;0,1860726
-0,03521809;-0,1138203;0,1860726
-0,03521809;-0,1138203;0,1860726
-0,04125107;-0,1089856;0,1574284
-0,04125107;-0,1089856;0,1574284
-0,04125107;-0,1089856;0,1574284
-0,04293243;-0,1063519;0,1318367
-0,04293243;-0,1063519;0,1318367
-0,04293243;-0,1063519;0,1318367
-0,04293243;-0,1063519;0,1318367
-0,04293243;-0,1063519;0,1318367
-0,04629651;-0,101601;0,08847465
-0,04629651;-0,101601;0,08847465
-0,04629651;-0,101601;0,08847465
-0,04514265;-0,09749982;0,05900393
-0,04514265;-0,09749982;0,05900393
-0,04514265;-0,09749982;0,05900393
-0,04514265;-0,09749982;0,05900393
-0,04448971;-0,08841272;0,01433478
-0,04448971;-0,08841272;0,01433478
-0,04448971;-0,08841272;0,01433478
-0,0422535;-0,0785886;-0,0214578
-0,0422535;-0,0785886;-0,0214578
-0,0422535;-0,0785886;-0,0214578
-0,0422535;-0,0785886;-0,0214578
-0,03742346;-0,07222123;-0,04338067
-0,03742346;-0,07222123;-0,04338067
-0,03742346;-0,07222123;-0,04338067
-0,03742346;-0,07222123;-0,04338067
-0,03322267;-0,07062069;-0,05902189
-0,03322267;-0,07062069;-0,05902189
-0,03322267;-0,07062069;-0,05902189
-0,03322267;-0,07062069;-0,05902189
-0,03322267;-0,07062069;-0,05902189
-0,03256033;-0,07116621;-0,07217592
-0,03256033;-0,07116621;-0,07217592
-0,03256033;-0,07116621;-0,07217592
-0,03256033;-0,07116621;-0,07217592
-0,03430286;-0,06876376;-0,09479997
-0,03430286;-0,06876376;-0,09479997
-0,03430286;-0,06876376;-0,09479997
-0,03430286;-0,06876376;-0,09479997
-0,03664549;-0,05541588;-0,1412466
-0,03664549;-0,05541588;-0,1412466
-0,03664549;-0,05541588;-0,1412466
-0,0394474;-0,04208063;-0,1780487
-0,0394474;-0,04208063;-0,1780487
-0,0394474;-0,04208063;-0,1780487
-0,03537621;-0,03200383;-0,2009073
-0,03537621;-0,03200383;-0,2009073
-0,03142628;-0,02327694;-0,2102656
-0,03142628;-0,02327694;-0,2102656
-0,03142628;-0,02327694;-0,2102656
-0,02894784;-0,01670304;-0,207046
-0,02894784;-0,01670304;-0,207046
-0,02894784;-0,01670304;-0,207046
-0,02894784;-0,01670304;-0,207046
-0,03283146;-0,01436288;-0,2091498
-0,03283146;-0,01436288;-0,2091498
-0,03283146;-0,01436288;-0,2091498
-0,03283146;-0,01436288;-0,2091498
-0,03283146;-0,01436288;-0,2091498
-0,04515409;-0,0167845;-0,2000359
-0,04515409;-0,0167845;-0,2000359
-0,04515409;-0,0167845;-0,2000359
-0,04447155;-0,01866727;-0,1920446
-0,04447155;-0,01866727;-0,1920446
-0,04447155;-0,01866727;-0,1920446
-0,04430626;-0,02104924;-0,1774949
-0,04430626;-0,02104924;-0,1774949
-0,04401327;-0,0227694;-0,1631489
-0,04401327;-0,0227694;-0,1631489
-0,04401327;-0,0227694;-0,1631489
-0,04401327;-0,0227694;-0,1631489
-0,04356137;-0,02411179;-0,1511765
-0,04356137;-0,02411179;-0,1511765
-0,04356137;-0,02411179;-0,1511765
-0,04356137;-0,02411179;-0,1511765
-0,04273161;-0,02515382;-0,1475059
-0,04273161;-0,02515382;-0,1475059
-0,04273161;-0,02515382;-0,1475059
-0,04367634;-0,02604499;-0,141666
-0,04367634;-0,02604499;-0,141666
-0,04367634;-0,02604499;-0,141666
-0,04498132;-0,02779686;-0,1300003
-0,04498132;-0,02779686;-0,1300003
-0,04498132;-0,02779686;-0,1300003
-0,04498132;-0,02779686;-0,1300003
-0,04591084;-0,03020162;-0,1224265
-0,04591084;-0,03020162;-0,1224265
-0,04591084;-0,03020162;-0,1224265
-0,04591084;-0,03020162;-0,1224265
-0,04823893;-0,03215894;-0,1168772
-0,04823893;-0,03215894;-0,1168772
-0,04823893;-0,03215894;-0,1168772
-0,04918238;-0,03380474;-0,1116433
-0,04918238;-0,03380474;-0,1116433
-0,04918238;-0,03380474;-0,1116433
-0,04911331;-0,03557521;-0,103939
-0,04911331;-0,03557521;-0,103939
-0,04911331;-0,03557521;-0,103939
-0,04929179;-0,03673993;-0,1004764
-0,04929179;-0,03673993;-0,1004764
-0,04929179;-0,03673993;-0,1004764
-0,04929179;-0,03673993;-0,1004764
-0,04929179;-0,03673993;-0,1004764
-0,0494301;-0,03764525;-0,09717006
-0,0494301;-0,03764525;-0,09717006
-0,0494301;-0,03764525;-0,09717006
-0,04891722;-0,03818119;-0,09472973
-0,04891722;-0,03818119;-0,09472973
-0,04891722;-0,03818119;-0,09472973
-0,04891722;-0,03818119;-0,09472973
-0,04891722;-0,03818119;-0,09472973
-0,04770447;-0,0385596;-0,09282844
-0,04770447;-0,0385596;-0,09282844
-0,04770447;-0,0385596;-0,09282844
-0,04727487;-0,03820745;-0,09316075
-0,04727487;-0,03820745;-0,09316075
-0,04727487;-0,03820745;-0,09316075
-0,04727487;-0,03820745;-0,09316075
-0,04746315;-0,03808989;-0,09208094
-0,04746315;-0,03808989;-0,09208094
-0,04746315;-0,03808989;-0,09208094
-0,0469295;-0,03810305;-0,09093914
-0,0469295;-0,03810305;-0,09093914
-0,0469295;-0,03810305;-0,09093914
-0,0469295;-0,03810305;-0,09093914
-0,04728108;-0,03816563;-0,0895993
-0,04728108;-0,03816563;-0,0895993
-0,04728108;-0,03816563;-0,0895993
-0,04726081;-0,03878643;-0,08899195
-0,04726081;-0,03878643;-0,08899195
-0,04726081;-0,03878643;-0,08899195
-0,04726081;-0,03878643;-0,08899195
-0,04750258;-0,03970082;-0,08847851
-0,04750258;-0,03970082;-0,08847851
-0,04750258;-0,03970082;-0,08847851
-0,04750258;-0,03970082;-0,08847851
-0,04752179;-0,04091016;-0,08852186
-0,04752179;-0,04091016;-0,08852186
-0,04752179;-0,04091016;-0,08852186
-0,04752179;-0,04091016;-0,08852186
-0,04756147;-0,04157619;-0,08896447
-0,04756147;-0,04157619;-0,08896447
-0,04756147;-0,04157619;-0,08896447
-0,04756147;-0,04157619;-0,08896447
-0,04658289;-0,0421901;-0,08830062
-0,04658289;-0,0421901;-0,08830062
-0,04658289;-0,0421901;-0,08830062
-0,04697093;-0,0426847;-0,08835205
-0,04697093;-0,0426847;-0,08835205
-0,04697093;-0,0426847;-0,08835205
-0,04697093;-0,0426847;-0,08835205
-0,04643515;-0,04291604;-0,08876818
-0,04643515;-0,04291604;-0,08876818
-0,04643515;-0,04291604;-0,08876818
-0,04706919;-0,04333075;-0,08816837
-0,04706919;-0,04333075;-0,08816837
-0,04706919;-0,04333075;-0,08816837
-0,04706919;-0,04333075;-0,08816837
-0,04706919;-0,04333075;-0,08816837
-0,04698208;-0,04374266;-0,08774794
-0,04698208;-0,04374266;-0,08774794
-0,04698208;-0,04374266;-0,08774794
-0,04713408;-0,04389123;-0,08737061
-0,04713408;-0,04389123;-0,08737061
-0,04713408;-0,04389123;-0,08737061
-0,04713408;-0,04389123;-0,08737061
-0,04713408;-0,04389123;-0,08737061
-0,04719952;-0,0441989;-0,08667737
-0,04719952;-0,0441989;-0,08667737
-0,04726271;-0,04483152;-0,08586022
-0,04726271;-0,04483152;-0,08586022
-0,04726271;-0,04483152;-0,08586022
-0,04726271;-0,04483152;-0,08586022
-0,04726271;-0,04483152;-0,08586022
-0,04693644;-0,04551784;-0,0858945
-0,04693644;-0,04551784;-0,0858945
-0,04677365;-0,0458854;-0,08598607
-0,04677365;-0,0458854;-0,08598607
-0,04677365;-0,0458854;-0,08598607
-0,04677365;-0,0458854;-0,08598607
-0,04584728;-0,0461664;-0,08614349
-0,04584728;-0,0461664;-0,08614349
-0,04584728;-0,0461664;-0,08614349
-0,04584728;-0,0461664;-0,08614349
-0,04562123;-0,04634393;-0,08542625
-0,04562123;-0,04634393;-0,08542625
-0,04562123;-0,04634393;-0,08542625
-0,04562123;-0,04634393;-0,08542625
-0,04562123;-0,04634393;-0,08542625
-0,04562215;-0,04682496;-0,08526696
-0,04562215;-0,04682496;-0,08526696
-0,04562215;-0,04682496;-0,08526696
-0,04562215;-0,04682496;-0,08526696
-0,04551143;-0,04740272;-0,08479904
-0,04551143;-0,04740272;-0,08479904
-0,04551143;-0,04740272;-0,08479904
-0,04524568;-0,04798402;-0,08423889
-0,04524568;-0,04798402;-0,08423889
-0,04524568;-0,04798402;-0,08423889
-0,04484473;-0,04846213;-0,08447804
-0,04484473;-0,04846213;-0,08447804
-0,04484473;-0,04846213;-0,08447804
-0,04484473;-0,04846213;-0,08447804
-0,04487906;-0,04868408;-0,08476269
-0,04487906;-0,04868408;-0,08476269
-0,04487906;-0,04868408;-0,08476269
-0,04468213;-0,04868821;-0,08526052
-0,04468213;-0,04868821;-0,08526052
-0,04468213;-0,04868821;-0,08526052
-0,04468213;-0,04868821;-0,08526052
-0,04561583;-0,04885045;-0,08466673
-0,04561583;-0,04885045;-0,08466673
-0,04561583;-0,04885045;-0,08466673
-0,04573187;-0,04866735;-0,08484644
-0,04573187;-0,04866735;-0,08484644
-0,04573187;-0,04866735;-0,08484644
-0,04573187;-0,04866735;-0,08484644
-0,04573187;-0,04866735;-0,08484644
-0,04595619;-0,04852543;-0,0838128
-0,04595619;-0,04852543;-0,0838128
-0,04595619;-0,04852543;-0,0838128
-0,04590377;-0,04842701;-0,08262295
-0,04590377;-0,04842701;-0,08262295
-0,04590377;-0,04842701;-0,08262295
-0,04545252;-0,04872429;-0,08166599
-0,04545252;-0,04872429;-0,08166599
-0,04545252;-0,04872429;-0,08166599
-0,04528141;-0,04916842;-0,08121318
-0,04528141;-0,04916842;-0,08121318
-0,04528141;-0,04916842;-0,08121318
-0,04528141;-0,04916842;-0,08121318
-0,04478779;-0,04953187;-0,08118425
-0,04478779;-0,04953187;-0,08118425
-0,04478779;-0,04953187;-0,08118425
-0,04478779;-0,04953187;-0,08118425
-0,04483746;-0,04956572;-0,08212969
-0,04483746;-0,04956572;-0,08212969
-0,04483746;-0,04956572;-0,08212969
-0,04483746;-0,04956572;-0,08212969
-0,04430857;-0,04936276;-0,08346308
-0,04430857;-0,04936276;-0,08346308
-0,04430857;-0,04936276;-0,08346308
-0,04430857;-0,04936276;-0,08346308
-0,04421724;-0,04922576;-0,08324211
-0,04421724;-0,04922576;-0,08324211
-0,04421724;-0,04922576;-0,08324211
-0,04419952;-0,0490953;-0,08385011
-0,04419952;-0,0490953;-0,08385011
-0,04419952;-0,0490953;-0,08385011
-0,04486497;-0,04916982;-0,08312392
-0,04486497;-0,04916982;-0,08312392
-0,04486497;-0,04916982;-0,08312392
-0,04486497;-0,04916982;-0,08312392
-0,04472056;-0,0494432;-0,08263652
-0,04472056;-0,0494432;-0,08263652
-0,04472056;-0,0494432;-0,08263652
-0,04475648;-0,04946741;-0,08287083
-0,04475648;-0,04946741;-0,08287083
-0,04475648;-0,04946741;-0,08287083
-0,04475648;-0,04946741;-0,08287083
-0,04475648;-0,04946741;-0,08287083
-0,0450357;-0,04975059;-0,08269148
-0,0450357;-0,04975059;-0,08269148
-0,04494969;-0,04972619;-0,08251645
-0,04494969;-0,04972619;-0,08251645
-0,04494969;-0,04972619;-0,08251645
-0,04494969;-0,04972619;-0,08251645
-0,04494969;-0,04972619;-0,08251645
-0,04490666;-0,05020165;-0,08094086
-0,04490666;-0,05020165;-0,08094086
-0,04490666;-0,05020165;-0,08094086
-0,04504525;-0,05062985;-0,08100349
-0,04504525;-0,05062985;-0,08100349
-0,04504525;-0,05062985;-0,08100349
-0,04510808;-0,0511113;-0,0806604
-0,04510808;-0,0511113;-0,0806604
-0,04526187;-0,05151553;-0,08041263
-0,04526187;-0,05151553;-0,08041263
-0,04526187;-0,05151553;-0,08041263
-0,04526187;-0,05151553;-0,08041263
-0,04524057;-0,05181701;-0,08078062
-0,04524057;-0,05181701;-0,08078062
-0,04524057;-0,05181701;-0,08078062
-0,04524057;-0,05181701;-0,08078062
-0,04579931;-0,05220312;-0,08098125
-0,04579931;-0,05220312;-0,08098125
-0,04579931;-0,05220312;-0,08098125
-0,04579931;-0,05220312;-0,08098125
-0,04632585;-0,05255389;-0,08084531
-0,04632585;-0,05255389;-0,08084531
-0,04632585;-0,05255389;-0,08084531
-0,04631916;-0,05289281;-0,08060423
-0,04631916;-0,05289281;-0,08060423
-0,04631916;-0,05289281;-0,08060423
-0,04631916;-0,05289281;-0,08060423
-0,04632996;-0,05295744;-0,08084634
-0,04632996;-0,05295744;-0,08084634
-0,04632996;-0,05295744;-0,08084634
-0,04617907;-0,05283078;-0,08045916
-0,04617907;-0,05283078;-0,08045916
-0,04617907;-0,05283078;-0,08045916
-0,04598608;-0,0529539;-0,07964165
-0,04598608;-0,0529539;-0,07964165
-0,04598608;-0,0529539;-0,07964165
-0,04598608;-0,0529539;-0,07964165
-0,04607449;-0,0531017;-0,07942981
-0,04607449;-0,0531017;-0,07942981
-0,04607449;-0,0531017;-0,07942981
-0,04607449;-0,0531017;-0,07942981
-0,04631259;-0,05334985;-0,0781686
-0,04631259;-0,05334985;-0,0781686
-0,04631259;-0,05334985;-0,0781686
-0,04631259;-0,05334985;-0,0781686
-0,04665023;-0,0540494;-0,07805827
-0,04665023;-0,0540494;-0,07805827
-0,04665023;-0,0540494;-0,07805827
-0,04665023;-0,0540494;-0,07805827
-0,04718178;-0,05453877;-0,07803845
-0,04718178;-0,05453877;-0,07803845
-0,04718178;-0,05453877;-0,07803845
-0,04681161;-0,05489946;-0,07727233
-0,04681161;-0,05489946;-0,07727233
-0,04681161;-0,05489946;-0,07727233
-0,04681161;-0,05489946;-0,07727233
-0,04672362;-0,05521628;-0,07725764
-0,04672362;-0,05521628;-0,07725764
-0,04672362;-0,05521628;-0,07725764
-0,04689087;-0,05549779;-0,07719336
-0,04689087;-0,05549779;-0,07719336
-0,04689087;-0,05549779;-0,07719336
-0,04689087;-0,05549779;-0,07719336
-0,04734556;-0,05574544;-0,07684851
-0,04734556;-0,05574544;-0,07684851
-0,04734556;-0,05574544;-0,07684851
-0,04734556;-0,05574544;-0,07684851
-0,04849566;-0,05576118;-0,0772198
-0,04849566;-0,05576118;-0,0772198
-0,04849566;-0,05576118;-0,0772198
-0,04849566;-0,05576118;-0,0772198
-0,04891904;-0,05564292;-0,07681174
-0,04891904;-0,05564292;-0,07681174
-0,04891904;-0,05564292;-0,07681174
-0,04891904;-0,05564292;-0,07681174
-0,04954383;-0,05554792;-0,07589966
-0,04954383;-0,05554792;-0,07589966
-0,04954383;-0,05554792;-0,07589966
-0,04954383;-0,05554792;-0,07589966
-0,04977546;-0,05553054;-0,07522129
-0,04977546;-0,05553054;-0,07522129
-0,04977546;-0,05553054;-0,07522129
-0,05001715;-0,05573652;-0,07375886
-0,05001715;-0,05573652;-0,07375886
-0,05001715;-0,05573652;-0,07375886
-0,05001715;-0,05573652;-0,07375886
-0,05050031;-0,05581765;-0,07369542
-0,05050031;-0,05581765;-0,07369542
-0,05050031;-0,05581765;-0,07369542
-0,0507162;-0,05618076;-0,07244634
-0,0507162;-0,05618076;-0,07244634
-0,0507162;-0,05618076;-0,07244634
-0,0507162;-0,05618076;-0,07244634
-0,0507162;-0,05618076;-0,07244634
-0,05136028;-0,05660965;-0,07216418
-0,05136028;-0,05660965;-0,07216418
-0,05136028;-0,05660965;-0,07216418
-0,05121418;-0,05671338;-0,0722069
-0,05121418;-0,05671338;-0,0722069
-0,05121418;-0,05671338;-0,0722069
-0,05121418;-0,05671338;-0,0722069
-0,05121418;-0,05671338;-0,0722069
-0,05148481;-0,05674954;-0,07205716
-0,05148481;-0,05674954;-0,07205716
-0,0515793;-0,05674731;-0,07206896
-0,0515793;-0,05674731;-0,07206896
-0,0515793;-0,05674731;-0,07206896
-0,0515793;-0,05674731;-0,07206896
-0,0515793;-0,05674731;-0,07206896
-0,05194577;-0,05661996;-0,07165115
-0,05194577;-0,05661996;-0,07165115
-0,05240439;-0,05663539;-0,07066517
-0,05240439;-0,05663539;-0,07066517
-0,05240439;-0,05663539;-0,07066517
-0,05240439;-0,05663539;-0,07066517
-0,05294052;-0,05680883;-0,0690181
-0,05294052;-0,05680883;-0,0690181
-0,05431955;-0,05760751;-0,0661194
-0,05431955;-0,05760751;-0,0661194
-0,05431955;-0,05760751;-0,0661194
-0,05431955;-0,05760751;-0,0661194
-0,05639808;-0,05902661;-0,06304157
-0,05639808;-0,05902661;-0,06304157
-0,05639808;-0,05902661;-0,06304157
-0,05639808;-0,05902661;-0,06304157
-0,06055254;-0,06098099;-0,05642013
-0,06055254;-0,06098099;-0,05642013
-0,06055254;-0,06098099;-0,05642013
-0,06055254;-0,06098099;-0,05642013
-0,06313805;-0,06330606;-0,05105236
-0,06313805;-0,06330606;-0,05105236
-0,06313805;-0,06330606;-0,05105236
-0,06761863;-0,06700249;-0,04288856
-0,06761863;-0,06700249;-0,04288856
-0,06761863;-0,06700249;-0,04288856
-0,06761863;-0,06700249;-0,04288856
-0,07214339;-0,07016186;-0,03849468
-0,07214339;-0,07016186;-0,03849468
-0,07214339;-0,07016186;-0,03849468
-0,0767716;-0,07098848;-0,03361776
-0,0767716;-0,07098848;-0,03361776
-0,0767716;-0,07098848;-0,03361776
-0,0767716;-0,07098848;-0,03361776
-0,077247;-0,07106975;-0,02875549
-0,077247;-0,07106975;-0,02875549
-0,077247;-0,07106975;-0,02875549
-0,077247;-0,07106975;-0,02875549
-0,06235729;-0,0672254;-0,02933218
-0,06235729;-0,0672254;-0,02933218
-0,06235729;-0,0672254;-0,02933218
-0,06235729;-0,0672254;-0,02933218
-0,03782531;-0,05943884;-0,03420267
-0,03782531;-0,05943884;-0,03420267
-0,03782531;-0,05943884;-0,03420267
-0,03782531;-0,05943884;-0,03420267
-0,0233469;-0,05284387;-0,04155274
-0,0233469;-0,05284387;-0,04155274
-0,0233469;-0,05284387;-0,04155274
-0,0233469;-0,05284387;-0,04155274
-0,01395525;-0,05268976;-0,05301684
-0,01395525;-0,05268976;-0,05301684
-0,01395525;-0,05268976;-0,05301684
-0,00684007;-0,05594823;-0,07482404
-0,00684007;-0,05594823;-0,07482404
-0,00684007;-0,05594823;-0,07482404
-0,00684007;-0,05594823;-0,07482404
-0,001907122;-0,06007889;-0,08494801
-0,001907122;-0,06007889;-0,08494801
-0,001907122;-0,06007889;-0,08494801
0,005044452;-0,06851762;-0,08722413
0,005044452;-0,06851762;-0,08722413
0,005044452;-0,06851762;-0,08722413
0,005044452;-0,06851762;-0,08722413
0,005044452;-0,06851762;-0,08722413
0,01774487;-0,0779013;-0,1066023
0,01774487;-0,0779013;-0,1066023
0,01774487;-0,0779013;-0,1066023
0,02337947;-0,08572518;-0,1181878
0,02337947;-0,08572518;-0,1181878
0,02337947;-0,08572518;-0,1181878
0,02337947;-0,08572518;-0,1181878
0,02337947;-0,08572518;-0,1181878
0,01307755;-0,09393921;-0,125527
0,01307755;-0,09393921;-0,125527
0,01307755;-0,09393921;-0,125527
0,01307755;-0,09393921;-0,125527
0,01121576;-0,09694386;-0,1364962
0,01121576;-0,09694386;-0,1364962
0,01121576;-0,09694386;-0,1364962
0,0140689;-0,09385173;-0,1433672
0,0140689;-0,09385173;-0,1433672
0,0140689;-0,09385173;-0,1433672
0,0140689;-0,09385173;-0,1433672
0,01199538;-0,09107904;-0,1389731
0,01199538;-0,09107904;-0,1389731
0,01199538;-0,09107904;-0,1389731
0,003703075;-0,0917917;-0,1362151
0,003703075;-0,0917917;-0,1362151
0,003703075;-0,0917917;-0,1362151
0,003703075;-0,0917917;-0,1362151
-0,001135341;-0,09400