-0,0108478;0,005538307;-0,003793638
-0,0108478;0,005538307;-0,003793638
-0,0108478;0,005538307;-0,003793638
-0,0108478;0,005538307;-0,003793638
-0,0108478;0,005538307;-0,003793638
-0,0109035;0,00553318;-0,003772478
-0,0109035;0,00553318;-0,003772478
-0,0109035;0,00553318;-0,003772478
-0,01093409;0,005535633;-0,003775879
-0,01093409;0,005535633;-0,003775879
-0,01093409;0,005535633;-0,003775879
-0,01093409;0,005535633;-0,003775879
-0,01093409;0,005535633;-0,003775879
-0,01093409;0,005535633;-0,003775879
-0,01093409;0,005535633;-0,003775879
-0,01093409;0,005535633;-0,003775879
-0,01093409;0,005535633;-0,003775879
-0,01093409;0,005535633;-0,003775879
-0,01093409;0,005535633;-0,003775879
-0,01093409;0,005535633;-0,003775879
-0,01093409;0,005535633;-0,003775879
-0,01093409;0,005535633;-0,003775879
-0,01093409;0,005535633;-0,003775879
-0,01093409;0,005535633;-0,003775879
-0,01093409;0,005535633;-0,003775879
-0,01093409;0,005535633;-0,003775879
-0,01093409;0,005535633;-0,003775879
-0,01093409;0,005535633;-0,003775879
-0,01093409;0,005535633;-0,003775879
-0,01093409;0,005535633;-0,003775879
-0,01093409;0,005535633;-0,003775879
-0,01093409;0,005535633;-0,003775879
-0,01093409;0,005535633;-0,003775879
-0,01093409;0,005535633;-0,003775879
-0,01093409;0,005535633;-0,003775879
-0,01093409;0,005535633;-0,003775879
-0,01093409;0,005535633;-0,003775879
-0,01093409;0,005535633;-0,003775879
-0,01093409;0,005535633;-0,003775879
-0,01093409;0,005535633;-0,003775879
-0,01093409;0,005535633;-0,003775879
-0,01093409;0,005535633;-0,003775879
-0,01093409;0,005535633;-0,003775879
-0,01093409;0,005535633;-0,003775879
-0,01093409;0,005535633;-0,003775879
-0,01093409;0,005535633;-0,003775879
-0,01093409;0,005535633;-0,003775879
-0,01093409;0,005535633;-0,003775879
-0,01093409;0,005535633;-0,003775879
-0,01093409;0,005535633;-0,003775879
-0,01093409;0,005535633;-0,003775879
-0,01093409;0,005535633;-0,003775879
-0,01093409;0,005535633;-0,003775879
-0,01093409;0,005535633;-0,003775879
-0,01093409;0,005535633;-0,003775879
-0,01093409;0,005535633;-0,003775879
-0,01093409;0,005535633;-0,003775879
-0,01093409;0,005535633;-0,003775879
-0,01093409;0,005535633;-0,003775879
-0,01093409;0,005535633;-0,003775879
-0,01093409;0,005535633;-0,003775879
-0,01093409;0,005535633;-0,003775879
-0,01093409;0,005535633;-0,003775879
-0,01093409;0,005535633;-0,003775879
-0,01093409;0,005535633;-0,003775879
-0,01093409;0,005535633;-0,003775879
-0,01093409;0,005535633;-0,003775879
-0,01093409;0,005535633;-0,003775879
-0,01093409;0,005535633;-0,003775879
-0,01093409;0,005535633;-0,003775879
-0,01093409;0,005535633;-0,003775879
-6,657792E-05;2,717809E-05;-0,0002138108
-6,657792E-05;2,717809E-05;-0,0002138108
-6,657792E-05;2,717809E-05;-0,0002138108
-6,657792E-05;2,717809E-05;-0,0002138108
-0,0001686208;1,809828E-05;-0,0005372835
-0,0001686208;1,809828E-05;-0,0005372835
-0,0001686208;1,809828E-05;-0,0005372835
-0,0001686208;1,809828E-05;-0,0005372835
-0,0001686208;1,809828E-05;-0,0005372835
-0,0001686208;1,809828E-05;-0,0005372835
-0,0001686208;1,809828E-05;-0,0005372835
-0,0001686208;1,809828E-05;-0,0005372835
-0,0002516687;1,922878E-05;-0,0005619962
-0,0002516687;1,922878E-05;-0,0005619962
-0,0002516687;1,922878E-05;-0,0005619962
-0,0002516687;1,922878E-05;-0,0005619962
-0,0002516687;1,922878E-05;-0,0005619962
-0,0002516687;1,922878E-05;-0,0005619962
-0,0002516687;1,922878E-05;-0,0005619962
-0,0002516687;1,922878E-05;-0,0005619962
-0,0002545242;3,727531E-05;-0,0006545417
-0,0002545242;3,727531E-05;-0,0006545417
-0,0002545242;3,727531E-05;-0,0006545417
-0,0002545242;3,727531E-05;-0,0006545417
-0,0002545242;3,727531E-05;-0,0006545417
-0,0001623754;9,461063E-05;-0,0006391168
-0,0001623754;9,461063E-05;-0,0006391168
-0,0001623754;9,461063E-05;-0,0006391168
-0,0001623754;9,461063E-05;-0,0006391168
-0,0001623754;9,461063E-05;-0,0006391168
-0,0001623754;9,461063E-05;-0,0006391168
-0,0001623754;9,461063E-05;-0,0006391168
-0,0001623754;9,461063E-05;-0,0006391168
-0,0001623754;9,461063E-05;-0,0006391168
-0,0001623754;9,461063E-05;-0,0006391168
-0,0001134926;0,0001248927;-0,0004748584
-0,0001134926;0,0001248927;-0,0004748584
-0,0001134926;0,0001248927;-0,0004748584
-7,753493E-05;0,0001408283;-0,0005792492
-7,753493E-05;0,0001408283;-0,0005792492
-7,753493E-05;0,0001408283;-0,0005792492
-7,753493E-05;0,0001408283;-0,0005792492
-7,753493E-05;0,0001408283;-0,0005792492
-7,753493E-05;0,0001408283;-0,0005792492
-7,753493E-05;0,0001408283;-0,0005792492
-0,0001616252;0,0001397496;-0,0005817284
-0,0001616252;0,0001397496;-0,0005817284
-0,0001616252;0,0001397496;-0,0005817284
-0,0001121769;0,000141114;-0,0006241028
-0,0001121769;0,000141114;-0,0006241028
-0,0001121769;0,000141114;-0,0006241028
-0,0001121769;0,000141114;-0,0006241028
-9,952998E-05;0,0001552085;-0,0005459813
-9,952998E-05;0,0001552085;-0,0005459813
-9,952998E-05;0,0001552085;-0,0005459813
-9,952998E-05;0,0001552085;-0,0005459813
-9,952998E-05;0,0001552085;-0,0005459813
-0,0001473331;0,0001694791;-0,0004854432
-0,0001473331;0,0001694791;-0,0004854432
-0,0001473331;0,0001694791;-0,0004854432
-0,0001577775;0,0001967257;-0,0004426313
-0,0001577775;0,0001967257;-0,0004426313
-0,0001577775;0,0001967257;-0,0004426313
-0,000221963;0,0002134182;-0,0004208546
-0,000221963;0,0002134182;-0,0004208546
-0,000221963;0,0002134182;-0,0004208546
-0,0002078966;0,0002279042;-0,0004462083
-0,0002078966;0,0002279042;-0,0004462083
-0,0002078966;0,0002279042;-0,0004462083
-0,0002078966;0,0002279042;-0,0004462083
-0,0002078966;0,0002279042;-0,0004462083
-0,0001960392;0,0002473757;-0,0004439546
-0,0001960392;0,0002473757;-0,0004439546
-0,0001720141;0,0002683065;-0,0003983594
-0,0001720141;0,0002683065;-0,0003983594
-0,0001720141;0,0002683065;-0,0003983594
-0,0001720141;0,0002683065;-0,0003983594
-0,0001943407;0,000265883;-0,0003307366
-0,0001943407;0,000265883;-0,0003307366
-0,0001943407;0,000265883;-0,0003307366
-0,0001943407;0,000265883;-0,0003307366
-0,0002078835;0,0002680553;-0,0003509525
-0,0002078835;0,0002680553;-0,0003509525
-0,0002078835;0,0002680553;-0,0003509525
-0,0002078835;0,0002680553;-0,0003509525
-0,0002188524;0,0002809928;-0,0003635921
-0,0002188524;0,0002809928;-0,0003635921
-0,0002188524;0,0002809928;-0,0003635921
-0,0003253396;0,0002737777;-0,0003993275
-0,0003253396;0,0002737777;-0,0003993275
-0,0003253396;0,0002737777;-0,0003993275
-0,0003253396;0,0002737777;-0,0003993275
-0,0003503044;0,0002837543;-0,00042822
-0,0003503044;0,0002837543;-0,00042822
-0,0003503044;0,0002837543;-0,00042822
-0,0003503044;0,0002837543;-0,00042822
-0,0003935213;0,0002748262;-0,0004602386
-0,0003935213;0,0002748262;-0,0004602386
-0,0003935213;0,0002748262;-0,0004602386
-0,0003938363;0,0002821938;-0,0005308334
-0,0003938363;0,0002821938;-0,0005308334
-0,0003938363;0,0002821938;-0,0005308334
-0,0003887091;0,000290555;-0,0005181744
-0,0003887091;0,000290555;-0,0005181744
-0,0003887091;0,000290555;-0,0005181744
-0,0003887091;0,000290555;-0,0005181744
-0,0003945404;0,0002851646;-0,0005352714
-0,0003945404;0,0002851646;-0,0005352714
-0,0003945404;0,0002851646;-0,0005352714
-0,0003947522;0,00028752;-0,0005876406
-0,0003947522;0,00028752;-0,0005876406
-0,0003947522;0,00028752;-0,0005876406
-0,0003947522;0,00028752;-0,0005876406
-0,0003768651;0,0003083105;-0,0005733146
-0,0003768651;0,0003083105;-0,0005733146
-0,0003768651;0,0003083105;-0,0005733146
-0,0003768651;0,0003083105;-0,0005733146
-0,0003768651;0,0003083105;-0,0005733146
-0,0003768651;0,0003083105;-0,0005733146
-0,0004217799;0,0003444155;-0,0005793374
-0,0004217799;0,0003444155;-0,0005793374
-0,0004217799;0,0003444155;-0,0005793374
-0,0004217799;0,0003444155;-0,0005793374
-0,0004036189;0,0003502139;-0,0005584513
-0,0004036189;0,0003502139;-0,0005584513
-0,0004036189;0,0003502139;-0,0005584513
-0,0004036189;0,0003502139;-0,0005584513
-0,0004043735;0,000379357;-0,0006367464
-0,0004043735;0,000379357;-0,0006367464
-0,0004043735;0,000379357;-0,0006367464
-0,0004101124;0,000393902;-0,0006350829
-0,0004101124;0,000393902;-0,0006350829
-0,0004101124;0,000393902;-0,0006350829
-0,0003386377;0,0004196639;-0,0006251692
-0,0003386377;0,0004196639;-0,0006251692
-0,0003386377;0,0004196639;-0,0006251692
-0,0003094696;0,0004222948;-0,0006936836
-0,0003094696;0,0004222948;-0,0006936836
-0,0003094696;0,0004222948;-0,0006936836
-0,0002814399;0,0004341097;-0,0007311817
-0,0002814399;0,0004341097;-0,0007311817
-0,0002814399;0,0004341097;-0,0007311817
-0,0002814399;0,0004341097;-0,0007311817
-0,0002814399;0,0004341097;-0,0007311817
-0,0002834934;0,0004560721;-0,0007729433
-0,0002834934;0,0004560721;-0,0007729433
-0,0002834934;0,0004560721;-0,0007729433
-0,0002834934;0,0004560721;-0,0007729433
-0,0002834934;0,0004560721;-0,0007729433
-0,0002644211;0,0004526603;-0,0007284154
-0,0002644211;0,0004526603;-0,0007284154
-0,0002644211;0,0004526603;-0,0007284154
-0,0003177545;0,0004704356;-0,0007325143
-0,0003177545;0,0004704356;-0,0007325143
-0,0003177545;0,0004704356;-0,0007325143
-0,0003177545;0,0004704356;-0,0007325143
-0,0003177545;0,0004704356;-0,0007325143
-0,0003177545;0,0004704356;-0,0007325143
-0,0003477968;0,0004725714;-0,0007120298
-0,0003477968;0,0004725714;-0,0007120298
-0,0003477968;0,0004725714;-0,0007120298
-0,0003525177;0,0004837941;-0,0006860478
-0,0003525177;0,0004837941;-0,0006860478
-0,0003525177;0,0004837941;-0,0006860478
-0,0003525177;0,0004837941;-0,0006860478
-0,0002494566;0,0005161458;-0,0006832409
-0,0002494566;0,0005161458;-0,0006832409
-0,0002494566;0,0005161458;-0,0006832409
-0,0002011766;0,0005197449;-0,0006332315
-0,0002011766;0,0005197449;-0,0006332315
-0,0002011766;0,0005197449;-0,0006332315
-0,0001536685;0,0005209306;-0,0006594065
-0,0001536685;0,0005209306;-0,0006594065
-0,0001536685;0,0005209306;-0,0006594065
-0,0001536685;0,0005209306;-0,0006594065
-0,0001536685;0,0005209306;-0,0006594065
-0,0001907667;0,0005217217;-0,000636475
-0,0001907667;0,0005217217;-0,000636475
-0,0001907667;0,0005217217;-0,000636475
-0,0001907667;0,0005217217;-0,000636475
-0,0001907667;0,0005217217;-0,000636475
-0,0001907667;0,0005217217;-0,000636475
-0,0001907667;0,0005217217;-0,000636475
-0,0001907667;0,0005217217;-0,000636475
-0,0002425983;0,0005353036;-0,0006312928
-0,0002425983;0,0005353036;-0,0006312928
-0,0002425983;0,0005353036;-0,0006312928
-0,0002425983;0,0005353036;-0,0006312928
-0,0002514222;0,0005418585;-0,0006281276
-0,0002514222;0,0005418585;-0,0006281276
-0,0002514222;0,0005418585;-0,0006281276
-0,0002514222;0,0005418585;-0,0006281276
-0,0002424645;0,0005668934;-0,0006872415
-0,0002424645;0,0005668934;-0,0006872415
-0,0002424645;0,0005668934;-0,0006872415
-0,0002424645;0,0005668934;-0,0006872415
-0,0002021531;0,000580133;-0,0007036482
-0,0002021531;0,000580133;-0,0007036482
-0,0002021531;0,000580133;-0,0007036482
-0,0002021531;0,000580133;-0,0007036482
-0,0002021531;0,000580133;-0,0007036482
-0,000241715;0,0005734431;-0,0007146025
-0,000241715;0,0005734431;-0,0007146025
-0,000241715;0,0005734431;-0,0007146025
-0,000241715;0,0005734431;-0,0007146025
-0,0002246907;0,0005696412;-0,000684773
-0,0002246907;0,0005696412;-0,000684773
-0,0002246907;0,0005696412;-0,000684773
-0,0002246907;0,0005696412;-0,000684773
-0,0002246907;0,0005696412;-0,000684773
-0,0002246907;0,0005696412;-0,000684773
-0,0004029325;0,0006774213;-0,0001893113
-0,0004029325;0,0006774213;-0,0001893113
-0,0004029325;0,0006774213;-0,0001893113
-0,0004029325;0,0006774213;-0,0001893113
0,0006912397;0,001288075;-0,001429303
0,0006912397;0,001288075;-0,001429303
0,0006912397;0,001288075;-0,001429303
0,0006912397;0,001288075;-0,001429303
0,0006912397;0,001288075;-0,001429303
0,007368595;0,008409945;-0,0005360771
0,007368595;0,008409945;-0,0005360771
0,007368595;0,008409945;-0,0005360771
0,007368595;0,008409945;-0,0005360771
0,007862546;0,01392137;0,0004512556
0,007862546;0,01392137;0,0004512556
0,007862546;0,01392137;0,0004512556
0,007862546;0,01392137;0,0004512556
0,008666895;0,01618874;0,0004488333
0,008666895;0,01618874;0,0004488333
0,008666895;0,01618874;0,0004488333
0,008666895;0,01618874;0,0004488333
0,009881889;0,01508744;-0,003468077
0,009881889;0,01508744;-0,003468077
0,009881889;0,01508744;-0,003468077
0,011349;0,0146442;-0,0001285175
0,011349;0,0146442;-0,0001285175
0,011349;0,0146442;-0,0001285175
0,01611002;0,0152065;0,005503683
0,01611002;0,0152065;0,005503683
0,0230709;0,01657392;0,01552672
0,0230709;0,01657392;0,01552672
0,0230709;0,01657392;0,01552672
0,0230709;0,01657392;0,01552672
0,0230709;0,01657392;0,01552672
0,0230709;0,01657392;0,01552672
0,0230709;0,01657392;0,01552672
0,03558759;0,02591298;0,03515277
0,03558759;0,02591298;0,03515277
0,03558759;0,02591298;0,03515277
0,05807279;0,0365685;0,05119881
0,05807279;0,0365685;0,05119881
0,05807279;0,0365685;0,05119881
0,05807279;0,0365685;0,05119881
0,07833108;0,03777692;0,05193496
0,07833108;0,03777692;0,05193496
0,07833108;0,03777692;0,05193496
0,09149623;0,03630793;0,05146287
0,09149623;0,03630793;0,05146287
0,09149623;0,03630793;0,05146287
0,09149623;0,03630793;0,05146287
0,1084926;0,03735868;0,05331132
0,1084926;0,03735868;0,05331132
0,1084926;0,03735868;0,05331132
0,1361366;0,04029839;0,0584246
0,1361366;0,04029839;0,0584246
0,1361366;0,04029839;0,0584246
0,1361366;0,04029839;0,0584246
0,1630418;0,03819419;0,07144275
0,1630418;0,03819419;0,07144275
0,1630418;0,03819419;0,07144275
0,1630418;0,03819419;0,07144275
0,188577;0,04236598;0,06894905
0,188577;0,04236598;0,06894905
0,188577;0,04236598;0,06894905
0,188577;0,04236598;0,06894905
0,2208044;0,04300831;0,06659619
0,2208044;0,04300831;0,06659619
0,2208044;0,04300831;0,06659619
0,2208044;0,04300831;0,06659619
0,2517967;0,04147298;0,0711402
0,2517967;0,04147298;0,0711402
0,2517967;0,04147298;0,0711402
0,2770749;0,0391197;0,07261404
0,2770749;0,0391197;0,07261404
0,2770749;0,0391197;0,07261404
0,2770749;0,0391197;0,07261404
0,3083332;0,03976506;0,07083631
0,3083332;0,03976506;0,07083631
0,3083332;0,03976506;0,07083631
0,3083332;0,03976506;0,07083631
0,338268;0,0409928;0,06719326
0,338268;0,0409928;0,06719326
0,338268;0,0409928;0,06719326
0,338268;0,0409928;0,06719326
0,3704644;0,04139188;0,0660307
0,3704644;0,04139188;0,0660307
0,3704644;0,04139188;0,0660307
0,3704644;0,04139188;0,0660307
0,3962058;0,04142681;0,06838275
0,3962058;0,04142681;0,06838275
0,3962058;0,04142681;0,06838275
0,4088454;0,04149513;0,06834032
0,4088454;0,04149513;0,06834032
0,4088454;0,04149513;0,06834032
0,4344848;0,04276708;0,06896623
0,4344848;0,04276708;0,06896623
0,4344848;0,04276708;0,06896623
0,4344848;0,04276708;0,06896623
0,4552613;0,04668882;0,07194747
0,4552613;0,04668882;0,07194747
0,4552613;0,04668882;0,07194747
0,4552613;0,04668882;0,07194747
0,4841887;0,05208723;0,07266279
0,4841887;0,05208723;0,07266279
0,4841887;0,05208723;0,07266279
0,4841887;0,05208723;0,07266279
0,4841887;0,05208723;0,07266279
0,5095552;0,05540634;0,07269616
0,5095552;0,05540634;0,07269616
0,5340068;0,05727363;0,07298892
0,5340068;0,05727363;0,07298892
0,5340068;0,05727363;0,07298892
0,5340068;0,05727363;0,07298892
0,5556099;0,05922723;0,07333916
0,5556099;0,05922723;0,07333916
0,5719751;0,06131722;0,0719679
0,5719751;0,06131722;0,0719679
0,5719751;0,06131722;0,0719679
0,5870233;0,06371676;0,06769067
0,5870233;0,06371676;0,06769067
0,5870233;0,06371676;0,06769067
0,6075382;0,06480267;0,05630594
0,6075382;0,06480267;0,05630594
0,6075382;0,06480267;0,05630594
0,6075382;0,06480267;0,05630594
0,6075382;0,06480267;0,05630594
0,6347022;0,06286807;0,04591857
0,6347022;0,06286807;0,04591857
0,6347022;0,06286807;0,04591857
0,6347022;0,06286807;0,04591857
0,6572092;0,06015142;0,04208826
0,6572092;0,06015142;0,04208826
0,6802541;0,0571731;0,04297587
0,6802541;0,0571731;0,04297587
0,6802541;0,0571731;0,04297587
0,6802541;0,0571731;0,04297587
0,6981792;0,05887716;0,04801722
0,6981792;0,05887716;0,04801722
0,6981792;0,05887716;0,04801722
0,7142448;0,0595498;0,05175871
0,7142448;0,0595498;0,05175871
0,7142448;0,0595498;0,05175871
0,7251731;0,05852139;0,05365787
0,7251731;0,05852139;0,05365787
0,7251731;0,05852139;0,05365787
0,7348199;0,05820171;0,05335125
0,7348199;0,05820171;0,05335125
0,7348199;0,05820171;0,05335125
0,7348199;0,05820171;0,05335125
0,7462305;0,05656551;0,05785801
0,7462305;0,05656551;0,05785801
0,7462305;0,05656551;0,05785801
0,7571019;0,05580578;0,06246663
0,7571019;0,05580578;0,06246663
0,7571019;0,05580578;0,06246663
0,7571019;0,05580578;0,06246663
0,7571019;0,05580578;0,06246663
0,7641331;0,0566107;0,06044804
0,7641331;0,0566107;0,06044804
0,7641331;0,0566107;0,06044804
0,7684323;0,05482254;0,0561254
0,7684323;0,05482254;0,0561254
0,7684323;0,05482254;0,0561254
0,7684323;0,05482254;0,0561254
0,7705785;0,05408289;0,05617391
0,7705785;0,05408289;0,05617391
0,7705785;0,05408289;0,05617391
0,7718962;0,05490515;0,05768628
0,7718962;0,05490515;0,05768628
0,7718962;0,05490515;0,05768628
0,7718962;0,05490515;0,05768628
0,7719046;0,05450914;0,05900954
0,7719046;0,05450914;0,05900954
0,7719046;0,05450914;0,05900954
0,7729093;0,05394512;0,05958038
0,7729093;0,05394512;0,05958038
0,7729093;0,05394512;0,05958038
0,7746561;0,05278999;0,0606855
0,7746561;0,05278999;0,0606855
0,7746561;0,05278999;0,0606855
0,7746561;0,05278999;0,0606855
0,7757834;0,05184738;0,06198693
0,7757834;0,05184738;0,06198693
0,7757834;0,05184738;0,06198693
0,7755979;0,05052293;0,06206283
0,7755979;0,05052293;0,06206283
0,7755979;0,05052293;0,06206283
0,7755979;0,05052293;0,06206283
0,7748736;0,04929464;0,06157665
0,7748736;0,04929464;0,06157665
0,7748736;0,04929464;0,06157665
0,7733532;0,04876386;0,05965963
0,7733532;0,04876386;0,05965963
0,7733532;0,04876386;0,05965963
0,7714483;0,04840028;0,05836084
0,7714483;0,04840028;0,05836084
0,7714483;0,04840028;0,05836084
0,7714483;0,04840028;0,05836084
0,7691942;0,04886982;0,05862689
0,7691942;0,04886982;0,05862689
0,7691942;0,04886982;0,05862689
0,7691942;0,04886982;0,05862689
0,7663496;0,04951872;0,06010086
0,7663496;0,04951872;0,06010086
0,7663496;0,04951872;0,06010086
0,7663496;0,04951872;0,06010086
0,7635484;0,05058632;0,06097121
0,7635484;0,05058632;0,06097121
0,7635484;0,05058632;0,06097121
0,7635484;0,05058632;0,06097121
0,7606508;0,05215619;0,06124475
0,7606508;0,05215619;0,06124475
0,7606508;0,05215619;0,06124475
0,7606508;0,05215619;0,06124475
0,7594981;0,05298352;0,06215261
0,7594981;0,05298352;0,06215261
0,7594981;0,05298352;0,06215261
0,758889;0,05293677;0,06184151
0,758889;0,05293677;0,06184151
0,758889;0,05293677;0,06184151
0,7591233;0,05360399;0,06181569
0,7591233;0,05360399;0,06181569
0,7591233;0,05360399;0,06181569
0,7591233;0,05360399;0,06181569
0,7588551;0,05368245;0,06172015
0,7588551;0,05368245;0,06172015
0,7588551;0,05368245;0,06172015
0,7588551;0,05368245;0,06172015
0,7590956;0,05407893;0,06178398
0,7590956;0,05407893;0,06178398
0,7590956;0,05407893;0,06178398
0,7590956;0,05407893;0,06178398
0,7592531;0,0536631;0,06203323
0,7592531;0,0536631;0,06203323
0,7592531;0,0536631;0,06203323
0,7592531;0,0536631;0,06203323
0,7590535;0,05359606;0,06206071
0,7590535;0,05359606;0,06206071
0,7590535;0,05359606;0,06206071
0,7589819;0,05358186;0,06219717
0,7589819;0,05358186;0,06219717
0,7589819;0,05358186;0,06219717
0,7589819;0,05358186;0,06219717
0,75888;0,05339248;0,06270785
0,75888;0,05339248;0,06270785
0,75888;0,05339248;0,06270785
0,75888;0,05339248;0,06270785
0,7586563;0,05270229;0,06232323
0,7586563;0,05270229;0,06232323
0,7586563;0,05270229;0,06232323
0,7586563;0,05270229;0,06232323
0,7586563;0,05270229;0,06232323
0,7588015;0,05292105;0,06238795
0,7588015;0,05292105;0,06238795
0,7588015;0,05292105;0,06238795
0,7590996;0,0524364;0,06177607
0,7590996;0,0524364;0,06177607
0,7590996;0,0524364;0,06177607
0,7590996;0,0524364;0,06177607
0,7590996;0,0524364;0,06177607
0,7585164;0,05273833;0,06121071
0,7585164;0,05273833;0,06121071
0,7585164;0,05273833;0,06121071
0,7585164;0,05273833;0,06121071
0,7587731;0,05240753;0,06129833
0,7587731;0,05240753;0,06129833
0,7587731;0,05240753;0,06129833
0,7587731;0,05240753;0,06129833
0,7587731;0,05240753;0,06129833
0,7583205;0,0514159;0,06181582
0,7583205;0,0514159;0,06181582
0,7583205;0,0514159;0,06181582
0,7557899;0,05007105;0,06253628
0,7557899;0,05007105;0,06253628
0,7557899;0,05007105;0,06253628
0,7467529;0,04785531;0,06400952
0,7467529;0,04785531;0,06400952
0,7467529;0,04785531;0,06400952
0,7467529;0,04785531;0,06400952
0,7348454;0,04535438;0,06585342
0,7348454;0,04535438;0,06585342
0,7348454;0,04535438;0,06585342
0,7348454;0,04535438;0,06585342
0,7194881;0,04190544;0,06844786
0,7194881;0,04190544;0,06844786
0,7194881;0,04190544;0,06844786
0,7194881;0,04190544;0,06844786
0,7032816;0,04113181;0,07119013
0,7032816;0,04113181;0,07119013
0,7032816;0,04113181;0,07119013
0,7032816;0,04113181;0,07119013
0,7032816;0,04113181;0,07119013
0,6774483;0,03979478;0,07317855
0,6774483;0,03979478;0,07317855
0,6774483;0,03979478;0,07317855
0,6774483;0,03979478;0,07317855
0,6473356;0,03693505;0,07314262
0,6473356;0,03693505;0,07314262
0,6098945;0,03332184;0,06980566
0,6098945;0,03332184;0,06980566
0,6098945;0,03332184;0,06980566
0,6098945;0,03332184;0,06980566
0,6098945;0,03332184;0,06980566
0,5614066;0,03023251;0,0751064
0,5614066;0,03023251;0,0751064
0,5614066;0,03023251;0,0751064
0,5614066;0,03023251;0,0751064
0,5614066;0,03023251;0,0751064
0,5297019;0,03006165;0,0798437
0,5297019;0,03006165;0,0798437
0,5297019;0,03006165;0,0798437
0,4992211;0,02870134;0,08696838
0,4992211;0,02870134;0,08696838
0,4992211;0,02870134;0,08696838
0,4776154;0,02886587;0,08809584
0,4776154;0,02886587;0,08809584
0,4776154;0,02886587;0,08809584
0,4525601;0,02913913;0,08874503
0,4525601;0,02913913;0,08874503
0,4525601;0,02913913;0,08874503
0,4277561;0,02788574;0,08726866
0,4277561;0,02788574;0,08726866
0,4277561;0,02788574;0,08726866
0,4277561;0,02788574;0,08726866
0,4080877;0,02448348;0,09028974
0,4080877;0,02448348;0,09028974
0,4080877;0,02448348;0,09028974
0,4080877;0,02448348;0,09028974
0,3942721;0,02293235;0,09214212
0,3942721;0,02293235;0,09214212
0,3942721;0,02293235;0,09214212
0,3741682;0,0194258;0,08942892
0,3741682;0,0194258;0,08942892
0,3741682;0,0194258;0,08942892
0,3741682;0,0194258;0,08942892
0,3546962;0,0162281;0,08780836
0,3546962;0,0162281;0,08780836
0,3546962;0,0162281;0,08780836
0,3546962;0,0162281;0,08780836
0,3218141;0,01103535;0,08796938
0,3218141;0,01103535;0,08796938
0,3218141;0,01103535;0,08796938
0,3218141;0,01103535;0,08796938
0,2962932;0,008848223;0,08910156
0,2962932;0,008848223;0,08910156
0,2962932;0,008848223;0,08910156
0,2766409;0,01017986;0,08001731
0,2766409;0,01017986;0,08001731
0,2766409;0,01017986;0,08001731
0,2766409;0,01017986;0,08001731
0,2555445;0,01428872;0,05937685
0,2555445;0,01428872;0,05937685
0,2555445;0,01428872;0,05937685
0,2555445;0,01428872;0,05937685
0,2263399;0,0140937;0,04830187
0,2263399;0,0140937;0,04830187
0,2263399;0,0140937;0,04830187
0,2263399;0,0140937;0,04830187
0,2263399;0,0140937;0,04830187
0,2051154;0,01338272;0,04852419
0,2051154;0,01338272;0,04852419
0,1894013;0,01282863;0,05386554
0,1894013;0,01282863;0,05386554
0,1894013;0,01282863;0,05386554
0,1894013;0,01282863;0,05386554
0,1894013;0,01282863;0,05386554
0,1580226;0,01028608;0,06356426
0,1580226;0,01028608;0,06356426
0,1580226;0,01028608;0,06356426
0,1357396;0,009147719;0,07411212
0,1357396;0,009147719;0,07411212
0,1357396;0,009147719;0,07411212
0,1357396;0,009147719;0,07411212
0,1212889;0,008380395;0,0778809
0,1212889;0,008380395;0,0778809
0,1212889;0,008380395;0,0778809
0,1026105;0,007337908;0,07813993
0,1026105;0,007337908;0,07813993
0,1026105;0,007337908;0,07813993
0,07991681;0,006902625;0,08465119
0,07991681;0,006902625;0,08465119
0,07991681;0,006902625;0,08465119
0,07991681;0,006902625;0,08465119
0,05513404;0,006940945;0,0889487
0,05513404;0,006940945;0,0889487
0,05513404;0,006940945;0,0889487
0,04308246;0,006522494;0,09058101
0,04308246;0,006522494;0,09058101
0,04308246;0,006522494;0,09058101
0,04308246;0,006522494;0,09058101
0,04106478;0,006067351;0,08968982
0,04106478;0,006067351;0,08968982
0,04106478;0,006067351;0,08968982
0,04252898;0,005022559;0,08916444
0,04252898;0,005022559;0,08916444
0,04252898;0,005022559;0,08916444
0,04252898;0,005022559;0,08916444
0,04252898;0,005022559;0,08916444
0,04342983;0,004480832;0,09113452
0,04342983;0,004480832;0,09113452
0,04342983;0,004480832;0,09113452
0,04342983;0,004480832;0,09113452
0,04430632;0,003914022;0,09249027
0,04430632;0,003914022;0,09249027
0,04430632;0,003914022;0,09249027
0,04430632;0,003914022;0,09249027
0,04544106;0,003497898;0,09390083
0,04544106;0,003497898;0,09390083
0,04544106;0,003497898;0,09390083
0,04672399;0,003196567;0,09485283
0,04672399;0,003196567;0,09485283
0,04672399;0,003196567;0,09485283
0,04738543;0,002743981;0,0960407
0,04738543;0,002743981;0,0960407
0,04738543;0,002743981;0,0960407
0,04852241;0,002742262;0,09812985
0,04852241;0,002742262;0,09812985
0,04852241;0,002742262;0,09812985
0,04852241;0,002742262;0,09812985
0,04906166;0,002558008;0,09889605
0,04906166;0,002558008;0,09889605
0,04906166;0,002558008;0,09889605
0,04967308;0,002072745;0,09980482
0,04967308;0,002072745;0,09980482
0,04967308;0,002072745;0,09980482
0,04967308;0,002072745;0,09980482
0,05122985;0,001527599;0,1004169
0,05122985;0,001527599;0,1004169
0,05122985;0,001527599;0,1004169
0,05152433;0,001715531;0,1007936
0,05152433;0,001715531;0,1007936
0,05152433;0,001715531;0,1007936
0,05109761;0,001961882;0,1008071
0,05109761;0,001961882;0,1008071
0,05109761;0,001961882;0,1008071
0,05109761;0,001961882;0,1008071
0,05109761;0,001961882;0,1008071
0,05112632;0,002029618;0,09968122
0,05112632;0,002029618;0,09968122
0,05112632;0,002029618;0,09968122
0,0516658;0,00217497;0,1004767
0,0516658;0,00217497;0,1004767
0,0516658;0,00217497;0,1004767
0,0516658;0,00217497;0,1004767
0,0512522;0,002458425;0,1008553
0,0512522;0,002458425;0,1008553
0,0512522;0,002458425;0,1008553
0,0512522;0,002458425;0,1008553
0,05138976;0,002245501;0,1003516
0,05138976;0,002245501;0,1003516
0,05138976;0,002245501;0,1003516
0,05138976;0,002245501;0,1003516
0,05094184;0,00184281;0,0999226
0,05094184;0,00184281;0,0999226
0,05094184;0,00184281;0,0999226
0,0510666;0,001757592;0,1001423
0,0510666;0,001757592;0,1001423
0,0510666;0,001757592;0,1001423
0,0510666;0,001757592;0,1001423
0,0510666;0,001757592;0,1001423
0,0510666;0,001757592;0,1001423
0,05076514;0,001729403;0,1002009
0,05076514;0,001729403;0,1002009
0,05076514;0,001729403;0,1002009
0,05076514;0,001729403;0,1002009
0,05088989;0,001575241;0,09997746
0,05088989;0,001575241;0,09997746
0,05088989;0,001575241;0,09997746
0,05137916;0,001136388;0,09868617
0,05137916;0,001136388;0,09868617
0,05137916;0,001136388;0,09868617
0,05137916;0,001136388;0,09868617
0,05137916;0,001136388;0,09868617
0,05174558;0,0006113146;0,09874016
0,05174558;0,0006113146;0,09874016
0,05174558;0,0006113146;0,09874016
0,05200587;0,000608657;0,09839679
0,05200587;0,000608657;0,09839679
0,05200587;0,000608657;0,09839679
0,05200587;0,000608657;0,09839679
0,05200587;0,000608657;0,09839679
0,05112989;0,0005920103;0,0978811
0,05112989;0,0005920103;0,0978811
0,05112989;0,0005920103;0,0978811
0,04988106;0,0005384728;0,09716278
0,04988106;0,0005384728;0,09716278
0,04988106;0,0005384728;0,09716278
0,04988106;0,0005384728;0,09716278
0,04823911;0,001106465;0,09737253
0,04823911;0,001106465;0,09737253
0,04823911;0,001106465;0,09737253
0,04823911;0,001106465;0,09737253
0,04467355;0,001166471;0,09772351
0,04467355;0,001166471;0,09772351
0,04467355;0,001166471;0,09772351
0,0432278;0,001531451;0,09881332
0,0432278;0,001531451;0,09881332
0,0432278;0,001531451;0,09881332
0,0432278;0,001531451;0,09881332
0,0432278;0,001531451;0,09881332
0,042787;0,001278818;0,09941819
0,042787;0,001278818;0,09941819
0,042787;0,001278818;0,09941819
0,042787;0,001278818;0,09941819
0,04271487;0,0004164722;0,09884917
0,04271487;0,0004164722;0,09884917
0,03921186;-0,001157436;0,09878985
0,03921186;-0,001157436;0,09878985
0,03921186;-0,001157436;0,09878985
0,03921186;-0,001157436;0,09878985
0,03921186;-0,001157436;0,09878985
0,03676059;-0,002898203;0,09836176
0,03676059;-0,002898203;0,09836176
0,03676059;-0,002898203;0,09836176
0,03748021;-0,003674239;0,09491993
0,03748021;-0,003674239;0,09491993
0,03748021;-0,003674239;0,09491993
0,03748021;-0,003674239;0,09491993
0,04002945;-0,005750714;0,09283344
0,04002945;-0,005750714;0,09283344
0,04165912;-0,007417707;0,09131539
0,04165912;-0,007417707;0,09131539
0,04165912;-0,007417707;0,09131539
0,04165912;-0,007417707;0,09131539
0,04165912;-0,007417707;0,09131539
0,05665955;-0,008218113;0,07997169
0,05665955;-0,008218113;0,07997169
0,05665955;-0,008218113;0,07997169
0,05665955;-0,008218113;0,07997169
0,05665955;-0,008218113;0,07997169
0,04858036;-0,007071068;0,08204764
0,04858036;-0,007071068;0,08204764
0,04858036;-0,007071068;0,08204764
0,04858036;-0,007071068;0,08204764
0,04233172;-0,004580497;0,09454944
0,04233172;-0,004580497;0,09454944
0,04233172;-0,004580497;0,09454944
0,04519654;-0,0009552545;0,101014
0,04519654;-0,0009552545;0,101014
0,04519654;-0,0009552545;0,101014
0,04519654;-0,0009552545;0,101014
0,04491617;-6,240038E-05;0,1023597
0,04491617;-6,240038E-05;0,1023597
0,04491617;-6,240038E-05;0,1023597
0,04157905;-0,0003795706;0,09402879
0,04157905;-0,0003795706;0,09402879
0,04157905;-0,0003795706;0,09402879
0,03215036;-0,003756454;0,08337422
0,03215036;-0,003756454;0,08337422
0,03215036;-0,003756454;0,08337422
0,03215036;-0,003756454;0,08337422
0,01291035;-0,002930057;0,07002646
0,01291035;-0,002930057;0,07002646
0,01291035;-0,002930057;0,07002646
0,01291035;-0,002930057;0,07002646
0,01291035;-0,002930057;0,07002646
-0,01188535;0,001019559;0,06162079
-0,01188535;0,001019559;0,06162079
-0,01188535;0,001019559;0,06162079
-0,01188535;0,001019559;0,06162079
-0,03971466;0,007881062;0,06029996
-0,03971466;0,007881062;0,06029996
-0,03971466;0,007881062;0,06029996
-0,03971466;0,007881062;0,06029996
-0,03971466;0,007881062;0,06029996
-0,03971466;0,007881062;0,06029996
-0,05863044;0,008263379;0,04697353
-0,05863044;0,008263379;0,04697353
-0,05863044;0,008263379;0,04697353
-0,0797602;0,01044344;0,032438
-0,0797602;0,01044344;0,032438
-0,0797602;0,01044344;0,032438
-0,1002228;0,01494712;0,02888335
-0,1002228;0,01494712;0,02888335
-0,1117636;0,0188394;0,0303633
-0,1117636;0,0188394;0,0303633
-0,1117636;0,0188394;0,0303633
-0,1117636;0,0188394;0,0303633
-0,1117636;0,0188394;0,0303633
-0,1166776;0,01783812;0,02847341
-0,1166776;0,01783812;0,02847341
-0,1166776;0,01783812;0,02847341
-0,1207544;0,0217108;0,01361896
-0,1207544;0,0217108;0,01361896
-0,1207544;0,0217108;0,01361896
-0,1207544;0,0217108;0,01361896
-0,1345678;0,01862704;-0,003321566
-0,1345678;0,01862704;-0,003321566
-0,1345678;0,01862704;-0,003321566
-0,1648888;0,007230791;-0,01316058
-0,1648888;0,007230791;-0,01316058
-0,1648888;0,007230791;-0,01316058
-0,1648888;0,007230791;-0,01316058
-0,2025479;0,003008002;-0,008975815
-0,2025479;0,003008002;-0,008975815
-0,2025479;0,003008002;-0,008975815
-0,260307;-0,0003414285;-0,004250192
-0,260307;-0,0003414285;-0,004250192
-0,260307;-0,0003414285;-0,004250192
-0,260307;-0,0003414285;-0,004250192
-0,260307;-0,0003414285;-0,004250192
-0,3128398;-0,009431745;0,01010885
-0,3128398;-0,009431745;0,01010885
-0,3128398;-0,009431745;0,01010885
-0,3627858;-0,01797311;0,02033983
-0,3627858;-0,01797311;0,02033983
-0,3627858;-0,01797311;0,02033983
-0,3627858;-0,01797311;0,02033983
-0,3627858;-0,01797311;0,02033983
-0,4208742;-0,01809282;0,01928102
-0,4208742;-0,01809282;0,01928102
-0,4208742;-0,01809282;0,01928102
-0,4570246;-0,02122219;0,01994167
-0,4570246;-0,02122219;0,01994167
-0,4570246;-0,02122219;0,01994167
-0,5007493;-0,02877667;0,02100704
-0,5007493;-0,02877667;0,02100704
-0,5007493;-0,02877667;0,02100704
-0,5007493;-0,02877667;0,02100704
-0,5392937;-0,03387292;0,02359908
-0,5392937;-0,03387292;0,02359908
-0,5643731;-0,03450926;0,02041146
-0,5643731;-0,03450926;0,02041146
-0,5643731;-0,03450926;0,02041146
-0,5643731;-0,03450926;0,02041146
-0,5945417;-0,03811229;0,01843845
-0,5945417;-0,03811229;0,01843845
-0,5945417;-0,03811229;0,01843845
-0,6260384;-0,04416994;0,01577703
-0,6260384;-0,04416994;0,01577703
-0,6260384;-0,04416994;0,01577703
-0,6260384;-0,04416994;0,01577703
-0,6260384;-0,04416994;0,01577703
-0,6566859;-0,05383854;0,01093734
-0,6566859;-0,05383854;0,01093734
-0,6566859;-0,05383854;0,01093734
-0,6760094;-0,05583734;0,001968566
-0,6760094;-0,05583734;0,001968566
-0,6760094;-0,05583734;0,001968566
-0,6760094;-0,05583734;0,001968566
-0,6824459;-0,05668436;-0,009379814
-0,6824459;-0,05668436;-0,009379814
-0,6824459;-0,05668436;-0,009379814
-0,6928689;-0,06107789;-0,01823979
-0,6928689;-0,06107789;-0,01823979
-0,6928689;-0,06107789;-0,01823979
-0,6928689;-0,06107789;-0,01823979
-0,7061305;-0,06805022;-0,02639867
-0,7061305;-0,06805022;-0,02639867
-0,7061305;-0,06805022;-0,02639867
-0,7199384;-0,07058993;-0,02386623
-0,7199384;-0,07058993;-0,02386623
-0,7199384;-0,07058993;-0,02386623
-0,7199384;-0,07058993;-0,02386623
-0,7199384;-0,07058993;-0,02386623
-0,7282326;-0,07290713;-0,017903
-0,7282326;-0,07290713;-0,017903
-0,7282326;-0,07290713;-0,017903
-0,7282326;-0,07290713;-0,017903
-0,7358255;-0,07265212;-0,01951065
-0,7358255;-0,07265212;-0,01951065
-0,7358255;-0,07265212;-0,01951065
-0,7358255;-0,07265212;-0,01951065
-0,7446682;-0,07460267;-0,01894328
-0,7446682;-0,07460267;-0,01894328
-0,7446682;-0,07460267;-0,01894328
-0,7507302;-0,07474004;-0,01560118
-0,7507302;-0,07474004;-0,01560118
-0,7507302;-0,07474004;-0,01560118
-0,7507302;-0,07474004;-0,01560118
-0,7515506;-0,07539629;-0,01487079
-0,7515506;-0,07539629;-0,01487079
-0,7515506;-0,07539629;-0,01487079
-0,7552652;-0,07768847;-0,01326152
-0,7552652;-0,07768847;-0,01326152
-0,7552652;-0,07768847;-0,01326152
-0,7552652;-0,07768847;-0,01326152
-0,7552652;-0,07768847;-0,01326152
-0,7634487;-0,08028208;-0,01335825
-0,7634487;-0,08028208;-0,01335825
-0,7671977;-0,0825178;-0,01394957
-0,7671977;-0,0825178;-0,01394957
-0,7671977;-0,0825178;-0,01394957
-0,7671977;-0,0825178;-0,01394957
-0,7686369;-0,08406255;-0,01361508
-0,7686369;-0,08406255;-0,01361508
-0,7686369;-0,08406255;-0,01361508
-0,7686369;-0,08406255;-0,01361508
-0,7664844;-0,08405685;-0,01390573
-0,7664844;-0,08405685;-0,01390573
-0,7664844;-0,08405685;-0,01390573
-0,7664844;-0,08405685;-0,01390573
-0,767872;-0,08401133;-0,01480179
-0,767872;-0,08401133;-0,01480179
-0,767872;-0,08401133;-0,01480179
-0,7696676;-0,08544262;-0,01649701
-0,7696676;-0,08544262;-0,01649701
-0,7696676;-0,08544262;-0,01649701
-0,7696676;-0,08544262;-0,01649701
-0,7696676;-0,08544262;-0,01649701
-0,7715976;-0,0876824;-0,01822231
-0,7715976;-0,0876824;-0,01822231
-0,7712381;-0,08784103;-0,01843948
-0,7712381;-0,08784103;-0,01843948
-0,7712381;-0,08784103;-0,01843948
-0,7713566;-0,08754154;-0,01879482
-0,7713566;-0,08754154;-0,01879482
-0,7713566;-0,08754154;-0,01879482
-0,7724158;-0,08742917;-0,0194712
-0,7724158;-0,08742917;-0,0194712
-0,7724158;-0,08742917;-0,0194712
-0,7724158;-0,08742917;-0,0194712
-0,774089;-0,08819217;-0,01995434
-0,774089;-0,08819217;-0,01995434
-0,774089;-0,08819217;-0,01995434
-0,774089;-0,08819217;-0,01995434
-0,774089;-0,08819217;-0,01995434
-0,7750058;-0,08944197;-0,019387
-0,7750058;-0,08944197;-0,019387
-0,7759038;-0,09064809;-0,01867121
-0,7759038;-0,09064809;-0,01867121
-0,7759038;-0,09064809;-0,01867121
-0,7759038;-0,09064809;-0,01867121
-0,7759038;-0,09064809;-0,01867121
-0,7760942;-0,09144555;-0,01827824
-0,7760942;-0,09144555;-0,01827824
-0,7760942;-0,09144555;-0,01827824
-0,7760942;-0,09144555;-0,01827824
-0,7760942;-0,09144555;-0,01827824
-0,7766958;-0,09171522;-0,01827235
-0,7766958;-0,09171522;-0,01827235
-0,7766958;-0,09171522;-0,01827235
-0,7769419;-0,09122442;-0,01883923
-0,7769419;-0,09122442;-0,01883923
-0,7769419;-0,09122442;-0,01883923
-0,7773496;-0,09080711;-0,01879255
-0,7773496;-0,09080711;-0,01879255
-0,7773496;-0,09080711;-0,01879255
-0,7773496;-0,09080711;-0,01879255
-0,7778861;-0,09124596;-0,01884398
-0,7778861;-0,09124596;-0,01884398
-0,7778861;-0,09124596;-0,01884398
-0,7784752;-0,09156052;-0,0183929
-0,7784752;-0,09156052;-0,0183929
-0,7784752;-0,09156052;-0,0183929
-0,7784752;-0,09156052;-0,0183929
-0,7791331;-0,09269107;-0,01803846
-0,7791331;-0,09269107;-0,01803846
-0,7791331;-0,09269107;-0,01803846
-0,7796977;-0,09386227;-0,01760509
-0,7796977;-0,09386227;-0,01760509
-0,7796977;-0,09386227;-0,01760509
-0,7796977;-0,09386227;-0,01760509
-0,7798473;-0,09454868;-0,01696494
-0,7798473;-0,09454868;-0,01696494
-0,7798473;-0,09454868;-0,01696494
-0,7797459;-0,09477001;-0,01654059
-0,7797459;-0,09477001;-0,01654059
-0,7797459;-0,09477001;-0,01654059
-0,7797459;-0,09477001;-0,01654059
-0,7797459;-0,09477001;-0,01654059
-0,7797459;-0,09477001;-0,01654059
-0,7802807;-0,09523737;-0,01628927
-0,7802807;-0,09523737;-0,01628927
-0,7802807;-0,09523737;-0,01628927
-0,7803836;-0,09556322;-0,01627138
-0,7803836;-0,09556322;-0,01627138
-0,7803836;-0,09556322;-0,01627138
-0,7803836;-0,09556322;-0,01627138
-0,7811102;-0,09507385;-0,01659658
-0,7811102;-0,09507385;-0,01659658
-0,7811102;-0,09507385;-0,01659658
-0,7817516;-0,09478016;-0,01666345
-0,7817516;-0,09478016;-0,01666345
-0,7817516;-0,09478016;-0,01666345
-0,7817516;-0,09478016;-0,01666345
-0,7817459;-0,09425706;-0,01692061
-0,7817459;-0,09425706;-0,01692061
-0,7817459;-0,09425706;-0,01692061
-0,7817459;-0,09425706;-0,01692061
-0,7813755;-0,0936939;-0,0171211
-0,7813755;-0,0936939;-0,0171211
-0,7813755;-0,0936939;-0,0171211
-0,7813755;-0,0936939;-0,0171211
-0,7812654;-0,09332798;-0,01720473
-0,7812654;-0,09332798;-0,01720473
-0,7812654;-0,09332798;-0,01720473
-0,7813612;-0,09297583;-0,01764053
-0,7813612;-0,09297583;-0,01764053
-0,7813612;-0,09297583;-0,01764053
-0,7813612;-0,09297583;-0,01764053
-0,7806693;-0,09251875;-0,01798676
-0,7806693;-0,09251875;-0,01798676
-0,7806693;-0,09251875;-0,01798676
-0,7792597;-0,0926771;-0,01780738
-0,7792597;-0,0926771;-0,01780738
-0,7792597;-0,0926771;-0,01780738
-0,7792597;-0,0926771;-0,01780738
-0,7768124;-0,09300649;-0,01734628
-0,7768124;-0,09300649;-0,01734628
-0,7768124;-0,09300649;-0,01734628
-0,7723945;-0,09185954;-0,01679661
-0,7723945;-0,09185954;-0,01679661
-0,7723945;-0,09185954;-0,01679661
-0,7723945;-0,09185954;-0,01679661
-0,7653301;-0,08860843;-0,01538311
-0,7653301;-0,08860843;-0,01538311
-0,7653301;-0,08860843;-0,01538311
-0,7653301;-0,08860843;-0,01538311
-0,7571875;-0,08568159;-0,01383029
-0,7571875;-0,08568159;-0,01383029
-0,7571875;-0,08568159;-0,01383029
-0,7571875;-0,08568159;-0,01383029
-0,7511088;-0,08478746;-0,01325808
-0,7511088;-0,08478746;-0,01325808
-0,7426897;-0,08324499;-0,01161695
-0,7426897;-0,08324499;-0,01161695
-0,7426897;-0,08324499;-0,01161695
-0,7426897;-0,08324499;-0,01161695
-0,7295977;-0,07867721;-0,006970756
-0,7295977;-0,07867721;-0,006970756
-0,7147017;-0,07229678;0,000219047
-0,7147017;-0,07229678;0,000219047
-0,7147017;-0,07229678;0,000219047
-0,7147017;-0,07229678;0,000219047
-0,6943409;-0,06544253;0,01016469
-0,6943409;-0,06544253;0,01016469
-0,6943409;-0,06544253;0,01016469
-0,6943409;-0,06544253;0,01016469
-0,6745973;-0,06238167;0,02165774
-0,6745973;-0,06238167;0,02165774
-0,6745973;-0,06238167;0,02165774
-0,6745973;-0,06238167;0,02165774
-0,6556967;-0,0589312;0,03000796
-0,6556967;-0,0589312;0,03000796
-0,6556967;-0,0589312;0,03000796
-0,6556967;-0,0589312;0,03000796
-0,6326784;-0,05431987;0,03584241
-0,6326784;-0,05431987;0,03584241
-0,6326784;-0,05431987;0,03584241
-0,6326784;-0,05431987;0,03584241
-0,5987575;-0,04949997;0,04346108
-0,5987575;-0,04949997;0,04346108
-0,5987575;-0,04949997;0,04346108
-0,5637286;-0,04634769;0,04859988
-0,5637286;-0,04634769;0,04859988
-0,5637286;-0,04634769;0,04859988
-0,5637286;-0,04634769;0,04859988
-0,5637286;-0,04634769;0,04859988
-0,5062811;-0,0431953;0,05397195
-0,5062811;-0,0431953;0,05397195
-0,5062811;-0,0431953;0,05397195
-0,5062811;-0,0431953;0,05397195
-0,4665703;-0,0439229;0,05667308
-0,4665703;-0,0439229;0,05667308
-0,4665703;-0,0439229;0,05667308
-0,4665703;-0,0439229;0,05667308
-0,439151;-0,04592684;0,05981302
-0,439151;-0,04592684;0,05981302
-0,439151;-0,04592684;0,05981302
-0,420447;-0,04421314;0,06314991
-0,420447;-0,04421314;0,06314991
-0,420447;-0,04421314;0,06314991
-0,420447;-0,04421314;0,06314991
-0,3951533;-0,03533347;0,06426282
-0,3951533;-0,03533347;0,06426282
-0,3951533;-0,03533347;0,06426282
-0,3951533;-0,03533347;0,06426282
-0,3687713;-0,018262;0,04917975
-0,3687713;-0,018262;0,04917975
-0,3687713;-0,018262;0,04917975
-0,3687713;-0,018262;0,04917975
-0,3377248;-0,003980077;0,04192593
-0,3377248;-0,003980077;0,04192593
-0,3377248;-0,003980077;0,04192593
-0,3377248;-0,003980077;0,04192593
-0,3377248;-0,003980077;0,04192593
-0,3167724;0,005005748;0,04678027
-0,3167724;0,005005748;0,04678027
-0,3167724;0,005005748;0,04678027
-0,3167724;0,005005748;0,04678027
-0,3167724;0,005005748;0,04678027
-0,3167724;0,005005748;0,04678027
-0,2819654;0,01345448;0,05277426
-0,2819654;0,01345448;0,05277426
-0,2819654;0,01345448;0,05277426
-0,2395592;0,02306652;0,05319124
-0,2395592;0,02306652;0,05319124
-0,2395592;0,02306652;0,05319124
-0,2030624;0,02802121;0,04801792
-0,2030624;0,02802121;0,04801792
-0,2030624;0,02802121;0,04801792
-0,2030624;0,02802121;0,04801792
-0,1571174;0,0317784;0,03775862
-0,1571174;0,0317784;0,03775862
-0,1571174;0,0317784;0,03775862
-0,1571174;0,0317784;0,03775862
-0,1571174;0,0317784;0,03775862
-0,1145381;0,04306082;0,02767476
-0,1145381;0,04306082;0,02767476
-0,1145381;0,04306082;0,02767476
-0,07463043;0,05436863;0,01813919
-0,07463043;0,05436863;0,01813919
-0,07463043;0,05436863;0,01813919
-0,07463043;0,05436863;0,01813919
-0,07463043;0,05436863;0,01813919
-0,03524884;0,06514049;0,009221251
-0,03524884;0,06514049;0,009221251
-0,03524884;0,06514049;0,009221251
0,00708465;0,06840228;-0,00669773
0,00708465;0,06840228;-0,00669773
0,00708465;0,06840228;-0,00669773
0,03888166;0,06740514;-0,01664767
0,03888166;0,06740514;-0,01664767
0,03888166;0,06740514;-0,01664767
0,06469138;0,06492777;-0,02867449
0,06469138;0,06492777;-0,02867449
0,06469138;0,06492777;-0,02867449
0,08704478;0,05570853;-0,03654233
0,08704478;0,05570853;-0,03654233
0,08704478;0,05570853;-0,03654233
0,08704478;0,05570853;-0,03654233
0,08704478;0,05570853;-0,03654233
0,08704478;0,05570853;-0,03654233
0,1038595;0,04451434;-0,02560658
0,1038595;0,04451434;-0,02560658
0,1038595;0,04451434;-0,02560658
0,108574;0,04198763;-0,01693824
0,108574;0,04198763;-0,01693824
0,1070293;0,04098834;-0,01289896
0,1070293;0,04098834;-0,01289896
0,1070293;0,04098834;-0,01289896
0,1070293;0,04098834;-0,01289896
0,1070293;0,04098834;-0,01289896
0,09626648;0,03390875;-0,002073376
0,09626648;0,03390875;-0,002073376
0,09626648;0,03390875;-0,002073376
0,07678913;0,02448769;0,007522694
0,07678913;0,02448769;0,007522694
0,07678913;0,02448769;0,007522694
0,07678913;0,02448769;0,007522694
0,07678913;0,02448769;0,007522694
0,06725249;0,02454834;0,01310733
0,06725249;0,02454834;0,01310733
0,06725249;0,02454834;0,01310733
0,05439694;0,02778517;0,01921925
0,05439694;0,02778517;0,01921925
0,05439694;0,02778517;0,01921925
0,05439694;0,02778517;0,01921925
0,05439694;0,02778517;0,01921925
0,03031895;0,02081184;0,03117063
0,03031895;0,02081184;0,03117063
0,03031895;0,02081184;0,03117063
0,03031895;0,02081184;0,03117063
0,01112561;0,01072697;0,02809545
0,01112561;0,01072697;0,02809545
0,01112561;0,01072697;0,02809545
0,01112561;0,01072697;0,02809545
0,01112561;0,01072697;0,02809545
0,02297959;0,01653771;0,01600346
0,02297959;0,01653771;0,01600346
0,02297959;0,01653771;0,01600346
0,02028279;0,02369072;0,01006739
0,02028279;0,02369072;0,01006739
0,02028279;0,02369072;0,01006739
0,02028279;0,02369072;0,01006739
0,02013011;0,02599269;0,004582078
0,02013011;0,02599269;0,004582078
0,02013011;0,02599269;0,004582078
0,01158841;0,02770413;0,01123032
0,01158841;0,02770413;0,01123032
0,01158841;0,02770413;0,01123032
0,01158841;0,02770413;0,01123032
0,01158841;0,02770413;0,01123032
0,01193876;0,02764862;0,01763248
0,01193876;0,02764862;0,01763248
0,01193876;0,02764862;0,01763248
0,01929372;0,02998421;0,02252589
0,01929372;0,02998421;0,02252589
0,01929372;0,02998421;0,02252589
0,01929372;0,02998421;0,02252589
0,01926638;0,0335009;0,02376959
0,01926638;0,0335009;0,02376959
0,01926638;0,0335009;0,02376959
0,01926638;0,0335009;0,02376959
0,01926638;0,0335009;0,02376959
0,008447131;0,03427349;0,01112137
0,008447131;0,03427349;0,01112137
0,008447131;0,03427349;0,01112137
0,008447131;0,03427349;0,01112137
0,006691802;0,03447104;0,007859267
0,006691802;0,03447104;0,007859267
0,006691802;0,03447104;0,007859267
0,007063468;0,0345741;0,007777382
0,007063468;0,0345741;0,007777382
0,007063468;0,0345741;0,007777382
0,007063468;0,0345741;0,007777382
0,007474195;0,03465807;0,007810046
0,007474195;0,03465807;0,007810046
0,007474195;0,03465807;0,007810046
0,007474195;0,03465807;0,007810046
0,007775519;0,03472026;0,007752471
0,007775519;0,03472026;0,007752471
0,007775519;0,03472026;0,007752471
0,007775519;0,03472026;0,007752471
0,008080329;0,03478959;0,007777713
0,008080329;0,03478959;0,007777713
0,008080329;0,03478959;0,007777713
0,008080329;0,03478959;0,007777713
0,008235056;0,03481061;0,007701573
0,008235056;0,03481061;0,007701573
0,008235056;0,03481061;0,007701573
0,008235056;0,03481061;0,007701573
0,008409476;0,034838;0,007765065
0,0084