-0,0005729961;0,03360828;0,003356227
-0,0005729961;0,03360828;0,003356227
-0,0005729961;0,03360828;0,003356227
-0,0005729961;0,03360828;0,003356227
-0,0005729961;0,03360828;0,003356227
-0,0005569237;0,03363695;0,003233626
-0,0005569237;0,03363695;0,003233626
-0,0005569237;0,03363695;0,003233626
-0,0005569237;0,03363695;0,003233626
-0,0005887789;0,03364459;0,003186855
-0,0005887789;0,03364459;0,003186855
-0,0005887789;0,03364459;0,003186855
-0,0005887789;0,03364459;0,003186855
-0,0005887789;0,03364459;0,003186855
-0,0005887789;0,03364459;0,003186855
-0,0005887789;0,03364459;0,003186855
-0,0005887789;0,03364459;0,003186855
-0,0005887789;0,03364459;0,003186855
-0,0005887789;0,03364459;0,003186855
-0,0005887789;0,03364459;0,003186855
-0,0005887789;0,03364459;0,003186855
-0,0005887789;0,03364459;0,003186855
-0,0005887789;0,03364459;0,003186855
-0,0005887789;0,03364459;0,003186855
-0,0005887789;0,03364459;0,003186855
-0,0005887789;0,03364459;0,003186855
-0,0005887789;0,03364459;0,003186855
-0,0005887789;0,03364459;0,003186855
-0,0005887789;0,03364459;0,003186855
-0,0005887789;0,03364459;0,003186855
-0,0005887789;0,03364459;0,003186855
-0,0005887789;0,03364459;0,003186855
-0,0005887789;0,03364459;0,003186855
-0,0005887789;0,03364459;0,003186855
-0,0005887789;0,03364459;0,003186855
-0,0005887789;0,03364459;0,003186855
-0,0005887789;0,03364459;0,003186855
-0,0005887789;0,03364459;0,003186855
-0,0005887789;0,03364459;0,003186855
-0,0005887789;0,03364459;0,003186855
-0,0005887789;0,03364459;0,003186855
-0,0005887789;0,03364459;0,003186855
-0,0005887789;0,03364459;0,003186855
-0,0005887789;0,03364459;0,003186855
-0,0005887789;0,03364459;0,003186855
-0,0005887789;0,03364459;0,003186855
-0,0005887789;0,03364459;0,003186855
-0,0005887789;0,03364459;0,003186855
-0,0005887789;0,03364459;0,003186855
-0,0005887789;0,03364459;0,003186855
-0,0005887789;0,03364459;0,003186855
-0,0005887789;0,03364459;0,003186855
-0,0005887789;0,03364459;0,003186855
-0,0005887789;0,03364459;0,003186855
-0,0005887789;0,03364459;0,003186855
-0,0005887789;0,03364459;0,003186855
-0,0005887789;0,03364459;0,003186855
-0,0005887789;0,03364459;0,003186855
-0,0005887789;0,03364459;0,003186855
-0,0005887789;0,03364459;0,003186855
-0,0005887789;0,03364459;0,003186855
-0,0005887789;0,03364459;0,003186855
-0,0005887789;0,03364459;0,003186855
-0,0005887789;0,03364459;0,003186855
-0,0005887789;0,03364459;0,003186855
4,972274E-05;5,904586E-06;-0,0001625775
4,972274E-05;5,904586E-06;-0,0001625775
4,972274E-05;5,904586E-06;-0,0001625775
4,972274E-05;5,904586E-06;-0,0001625775
4,972274E-05;5,904586E-06;-0,0001625775
4,972274E-05;5,904586E-06;-0,0001625775
0,0004082491;7,271278E-05;-0,001050541
0,0004082491;7,271278E-05;-0,001050541
0,0004082491;7,271278E-05;-0,001050541
0,0004082491;7,271278E-05;-0,001050541
0,0004082491;7,271278E-05;-0,001050541
0,0004082491;7,271278E-05;-0,001050541
0,0004082491;7,271278E-05;-0,001050541
0,0004082491;7,271278E-05;-0,001050541
0,0004082491;7,271278E-05;-0,001050541
0,0006701521;9,450065E-05;-0,001472063
0,0006701521;9,450065E-05;-0,001472063
0,0006701521;9,450065E-05;-0,001472063
0,0006701521;9,450065E-05;-0,001472063
0,0006701521;9,450065E-05;-0,001472063
0,0007625701;0,0001061108;-0,001734079
0,0007625701;0,0001061108;-0,001734079
0,0007625701;0,0001061108;-0,001734079
0,000738688;9,247428E-05;-0,001832796
0,000738688;9,247428E-05;-0,001832796
0,000738688;9,247428E-05;-0,001832796
0,000738688;9,247428E-05;-0,001832796
0,000738688;9,247428E-05;-0,001832796
0,0007229007;7,437036E-05;-0,002007033
0,0007229007;7,437036E-05;-0,002007033
0,0007229007;7,437036E-05;-0,002007033
0,0007229007;7,437036E-05;-0,002007033
0,0007229007;7,437036E-05;-0,002007033
0,0007229007;7,437036E-05;-0,002007033
0,0007229007;7,437036E-05;-0,002007033
0,0008055184;9,557232E-05;-0,002072553
0,0008055184;9,557232E-05;-0,002072553
0,0008055184;9,557232E-05;-0,002072553
0,0008055184;9,557232E-05;-0,002072553
0,0008055184;9,557232E-05;-0,002072553
0,0008416859;7,930165E-05;-0,00213234
0,0008416859;7,930165E-05;-0,00213234
0,0008416859;7,930165E-05;-0,00213234
0,0008416859;7,930165E-05;-0,00213234
0,0008595119;8,648803E-05;-0,002120483
0,0008595119;8,648803E-05;-0,002120483
0,0008595119;8,648803E-05;-0,002120483
0,0008595119;8,648803E-05;-0,002120483
0,0008441218;0,0001014058;-0,002284292
0,0008441218;0,0001014058;-0,002284292
0,0008441218;0,0001014058;-0,002284292
0,0008441218;0,0001014058;-0,002284292
0,0008412218;0,0001061306;-0,002103304
0,0008412218;0,0001061306;-0,002103304
0,0008412218;0,0001061306;-0,002103304
0,0008939252;0,0001184293;-0,002187188
0,0008939252;0,0001184293;-0,002187188
0,0009671325;0,0001369239;-0,002423074
0,0009671325;0,0001369239;-0,002423074
0,0009671325;0,0001369239;-0,002423074
0,0009671325;0,0001369239;-0,002423074
0,0009671325;0,0001369239;-0,002423074
0,001014831;0,0001516619;-0,002189099
0,001014831;0,0001516619;-0,002189099
0,001014831;0,0001516619;-0,002189099
0,001014831;0,0001516619;-0,002189099
0,001043197;0,0001432936;-0,002141618
0,001043197;0,0001432936;-0,002141618
0,001043197;0,0001432936;-0,002141618
0,001084459;0,0001535008;-0,002323621
0,001084459;0,0001535008;-0,002323621
0,001084459;0,0001535008;-0,002323621
0,001082879;0,0001533875;-0,002138493
0,001082879;0,0001533875;-0,002138493
0,001082879;0,0001533875;-0,002138493
0,001082879;0,0001533875;-0,002138493
0,001082879;0,0001533875;-0,002138493
0,001014767;0,0001530747;-0,002095519
0,001014767;0,0001530747;-0,002095519
0,001014767;0,0001530747;-0,002095519
0,001002191;0,0001486248;-0,002463514
0,001002191;0,0001486248;-0,002463514
0,001002191;0,0001486248;-0,002463514
0,001002191;0,0001486248;-0,002463514
0,001002191;0,0001486248;-0,002463514
0,001002191;0,0001486248;-0,002463514
0,001062441;0,0001562865;-0,002089029
0,001062441;0,0001562865;-0,002089029
0,001062441;0,0001562865;-0,002089029
0,001062441;0,0001562865;-0,002089029
0,001029679;0,0001594266;-0,002248776
0,001029679;0,0001594266;-0,002248776
0,001029679;0,0001594266;-0,002248776
0,001021249;0,0001692796;-0,002131544
0,001021249;0,0001692796;-0,002131544
0,001021249;0,0001692796;-0,002131544
0,001021249;0,0001692796;-0,002131544
0,0009830932;0,0001632251;-0,0020799
0,0009830932;0,0001632251;-0,0020799
0,0009830932;0,0001632251;-0,0020799
0,0009830932;0,0001632251;-0,0020799
0,0009830932;0,0001632251;-0,0020799
0,0009830932;0,0001632251;-0,0020799
0,001019746;0,0001763935;-0,002211909
0,001019746;0,0001763935;-0,002211909
0,001001488;0,0001830628;-0,002057185
0,001001488;0,0001830628;-0,002057185
0,001001488;0,0001830628;-0,002057185
0,001001488;0,0001830628;-0,002057185
0,001001488;0,0001830628;-0,002057185
0,0009642317;0,0001838735;-0,001953455
0,0009642317;0,0001838735;-0,001953455
0,0009436749;0,0001927675;-0,002075573
0,0009436749;0,0001927675;-0,002075573
0,0009436749;0,0001927675;-0,002075573
0,0009436749;0,0001927675;-0,002075573
0,0009436749;0,0001927675;-0,002075573
0,0009436749;0,0001927675;-0,002075573
0,0009364595;0,0001823358;-0,00209768
0,0009364595;0,0001823358;-0,00209768
0,0009364595;0,0001823358;-0,00209768
0,0009724525;0,0001615167;-0,002068687
0,0009724525;0,0001615167;-0,002068687
0,0009724525;0,0001615167;-0,002068687
0,0009951261;0,0001597418;-0,002175425
0,0009951261;0,0001597418;-0,002175425
0,0009951261;0,0001597418;-0,002175425
0,0009951261;0,0001597418;-0,002175425
0,0009647546;0,0001377889;-0,002092871
0,0009647546;0,0001377889;-0,002092871
0,0009647546;0,0001377889;-0,002092871
0,0009495127;0,0001214264;-0,001988994
0,0009495127;0,0001214264;-0,001988994
0,0009495127;0,0001214264;-0,001988994
0,0009495127;0,0001214264;-0,001988994
0,0009495127;0,0001214264;-0,001988994
0,0009495127;0,0001214264;-0,001988994
0,0009374571;0,0001173159;-0,00216439
0,0009374571;0,0001173159;-0,00216439
0,0009374571;0,0001173159;-0,00216439
0,0009374571;0,0001173159;-0,00216439
0,0009374571;0,0001173159;-0,00216439
0,0009687707;0,0001160654;-0,00204385
0,0009687707;0,0001160654;-0,00204385
0,0009687707;0,0001160654;-0,00204385
0,0009912946;0,000124809;-0,002023984
0,0009912946;0,000124809;-0,002023984
0,0009912946;0,000124809;-0,002023984
0,0009912946;0,000124809;-0,002023984
0,0009912946;0,000124809;-0,002023984
0,0009912946;0,000124809;-0,002023984
0,0009608584;0,0001386998;-0,002155458
0,0009608584;0,0001386998;-0,002155458
0,0009608584;0,0001386998;-0,002155458
0,0009537595;0,0001464348;-0,002161165
0,0009537595;0,0001464348;-0,002161165
0,0009537595;0,0001464348;-0,002161165
0,0009679158;0,0001318139;-0,001942771
0,0009679158;0,0001318139;-0,001942771
0,0009679158;0,0001318139;-0,001942771
0,001018994;0,0001301255;-0,002079473
0,001018994;0,0001301255;-0,002079473
0,001018994;0,0001301255;-0,002079473
0,00103213;0,0001318986;-0,002294215
0,00103213;0,0001318986;-0,002294215
0,00103213;0,0001318986;-0,002294215
0,0009873561;0,0001140208;-0,00216394
0,0009873561;0,0001140208;-0,00216394
0,0009873561;0,0001140208;-0,00216394
0,0009873561;0,0001140208;-0,00216394
0,0009873561;0,0001140208;-0,00216394
0,001025473;0,0001048555;-0,002165972
0,001025473;0,0001048555;-0,002165972
0,001025473;0,0001048555;-0,002165972
0,001025473;0,0001048555;-0,002165972
0,001025473;0,0001048555;-0,002165972
0,001025473;0,0001048555;-0,002165972
0,001019124;8,597953E-05;-0,002209063
0,001019124;8,597953E-05;-0,002209063
0,001019124;8,597953E-05;-0,002209063
0,001001675;7,416942E-05;-0,002099646
0,001001675;7,416942E-05;-0,002099646
0,001001675;7,416942E-05;-0,002099646
0,001001675;7,416942E-05;-0,002099646
0,001001675;7,416942E-05;-0,002099646
0,0009754682;6,736647E-05;-0,002194078
0,0009754682;6,736647E-05;-0,002194078
0,0009754682;6,736647E-05;-0,002194078
0,000923081;6,459404E-05;-0,002055441
0,000923081;6,459404E-05;-0,002055441
0,000923081;6,459404E-05;-0,002055441
0,000923081;6,459404E-05;-0,002055441
0,000923081;6,459404E-05;-0,002055441
0,0008556378;6,620685E-05;-0,002130453
0,0008556378;6,620685E-05;-0,002130453
0,0008556378;6,620685E-05;-0,002130453
0,0008556378;6,620685E-05;-0,002130453
0,0008339727;7,131755E-05;-0,002169899
0,0008339727;7,131755E-05;-0,002169899
0,0008339727;7,131755E-05;-0,002169899
0,0008948739;8,621865E-05;-0,002048783
0,0008948739;8,621865E-05;-0,002048783
0,0008948739;8,621865E-05;-0,002048783
0,0008918179;9,037217E-05;-0,002265858
0,0008918179;9,037217E-05;-0,002265858
0,0008918179;9,037217E-05;-0,002265858
0,0008918179;9,037217E-05;-0,002265858
0,0008549923;7,309952E-05;-0,002196092
0,0008549923;7,309952E-05;-0,002196092
0,0008549923;7,309952E-05;-0,002196092
0,0008462956;8,097292E-05;-0,002035283
0,0008462956;8,097292E-05;-0,002035283
0,0008462956;8,097292E-05;-0,002035283
0,0008462956;8,097292E-05;-0,002035283
0,0009037907;7,927581E-05;-0,002160393
0,0009037907;7,927581E-05;-0,002160393
0,0009037907;7,927581E-05;-0,002160393
0,0008991617;7,339579E-05;-0,002279906
0,0008991617;7,339579E-05;-0,002279906
0,0008991617;7,339579E-05;-0,002279906
0,0008991617;7,339579E-05;-0,002279906
0,0009232728;6,732484E-05;-0,002010191
0,0009232728;6,732484E-05;-0,002010191
0,0009232728;6,732484E-05;-0,002010191
0,0009232728;6,732484E-05;-0,002010191
0,0009877206;7,468486E-05;-0,002247557
0,0009877206;7,468486E-05;-0,002247557
0,0009877206;7,468486E-05;-0,002247557
0,0009877206;7,468486E-05;-0,002247557
0,0009877206;7,468486E-05;-0,002247557
0,001084765;8,685253E-05;-0,002380742
0,001084765;8,685253E-05;-0,002380742
0,001084765;8,685253E-05;-0,002380742
0,001134062;8,270761E-05;-0,002281732
0,001134062;8,270761E-05;-0,002281732
0,001134062;8,270761E-05;-0,002281732
0,001134062;8,270761E-05;-0,002281732
0,001134062;8,270761E-05;-0,002281732
0,001134062;8,270761E-05;-0,002281732
0,001154335;6,867992E-05;-0,002360625
0,001154335;6,867992E-05;-0,002360625
0,001154335;6,867992E-05;-0,002360625
0,001160623;6,010674E-05;-0,002253827
0,001160623;6,010674E-05;-0,002253827
0,001160623;6,010674E-05;-0,002253827
0,001160623;6,010674E-05;-0,002253827
0,001115465;3,104046E-05;-0,002228901
0,001115465;3,104046E-05;-0,002228901
0,001115465;3,104046E-05;-0,002228901
0,001029496;2,967299E-05;-0,00234646
0,001029496;2,967299E-05;-0,00234646
0,001029496;2,967299E-05;-0,00234646
0,001054736;4,148576E-05;-0,002322617
0,001054736;4,148576E-05;-0,002322617
0,001054736;4,148576E-05;-0,002322617
0,001054736;4,148576E-05;-0,002322617
0,001054736;4,148576E-05;-0,002322617
0,001054736;4,148576E-05;-0,002322617
0,001060219;4,667981E-05;-0,002424588
0,001060219;4,667981E-05;-0,002424588
0,001060219;4,667981E-05;-0,002424588
0,001060219;4,667981E-05;-0,002424588
0,001060219;4,667981E-05;-0,002424588
0,001071281;6,303919E-05;-0,002564847
0,001071281;6,303919E-05;-0,002564847
0,001071281;6,303919E-05;-0,002564847
0,001073915;8,254393E-05;-0,002503063
0,001073915;8,254393E-05;-0,002503063
0,001073915;8,254393E-05;-0,002503063
0,001073915;8,254393E-05;-0,002503063
0,001073915;8,254393E-05;-0,002503063
0,001073915;8,254393E-05;-0,002503063
0,001076169;6,755722E-05;-0,00248754
0,001076169;6,755722E-05;-0,00248754
0,001076169;6,755722E-05;-0,00248754
0,001076169;6,755722E-05;-0,00248754
-0,0004178408;0,0004843874;0,001207097
-0,0004178408;0,0004843874;0,001207097
-0,0004178408;0,0004843874;0,001207097
-0,0004178408;0,0004843874;0,001207097
-0,002093552;0,001796164;0,006228337
-0,002093552;0,001796164;0,006228337
-0,002093552;0,001796164;0,006228337
-0,002093552;0,001796164;0,006228337
-0,003271815;0,002459632;0,004909241
-0,003271815;0,002459632;0,004909241
-0,003271815;0,002459632;0,004909241
-0,003877652;0,004339139;0,005517626
-0,003877652;0,004339139;0,005517626
-0,003877652;0,004339139;0,005517626
-0,003877652;0,004339139;0,005517626
-0,003711601;0,006888139;0,007675535
-0,003711601;0,006888139;0,007675535
-0,003711601;0,006888139;0,007675535
-0,003711601;0,006888139;0,007675535
-0,004110613;0,01510695;0,01015629
-0,004110613;0,01510695;0,01015629
-0,004110613;0,01510695;0,01015629
-0,004110613;0,01510695;0,01015629
-0,00541969;0,02367434;0,01078104
-0,00541969;0,02367434;0,01078104
-0,00541969;0,02367434;0,01078104
-0,00541969;0,02367434;0,01078104
-0,00541969;0,02367434;0,01078104
-0,007144869;0,03552189;0,01178643
-0,007144869;0,03552189;0,01178643
-0,007144869;0,03552189;0,01178643
-0,007144869;0,03552189;0,01178643
-0,007663494;0,05266084;0,0122658
-0,007663494;0,05266084;0,0122658
-0,01123444;0,07738489;0,01359492
-0,01123444;0,07738489;0,01359492
-0,01123444;0,07738489;0,01359492
-0,01123444;0,07738489;0,01359492
-0,01403237;0,09660077;0,01368834
-0,01403237;0,09660077;0,01368834
-0,01403237;0,09660077;0,01368834
-0,01721301;0,1166703;0,01384909
-0,01721301;0,1166703;0,01384909
-0,01721301;0,1166703;0,01384909
-0,01721301;0,1166703;0,01384909
-0,01812957;0,135804;0,01382816
-0,01812957;0,135804;0,01382816
-0,01812957;0,135804;0,01382816
-0,0196708;0,1613417;0,01517942
-0,0196708;0,1613417;0,01517942
-0,0196708;0,1613417;0,01517942
-0,0196708;0,1613417;0,01517942
-0,0196708;0,1613417;0,01517942
-0,0196708;0,1613417;0,01517942
-0,0196708;0,1613417;0,01517942
-0,02239712;0,2085306;0,01429998
-0,02239712;0,2085306;0,01429998
-0,02239712;0,2085306;0,01429998
-0,02761445;0,255868;0,01699021
-0,02761445;0,255868;0,01699021
-0,02761445;0,255868;0,01699021
-0,02761445;0,255868;0,01699021
-0,03305954;0,3158871;0,01457196
-0,03305954;0,3158871;0,01457196
-0,03305954;0,3158871;0,01457196
-0,03305954;0,3158871;0,01457196
-0,03889348;0,3628106;0,01526827
-0,03889348;0,3628106;0,01526827
-0,03889348;0,3628106;0,01526827
-0,03889348;0,3628106;0,01526827
-0,04582959;0,4057507;0,01733023
-0,04582959;0,4057507;0,01733023
-0,04582959;0,4057507;0,01733023
-0,04582959;0,4057507;0,01733023
-0,04582959;0,4057507;0,01733023
-0,05441424;0,4431293;0,01681101
-0,05441424;0,4431293;0,01681101
-0,05441424;0,4431293;0,01681101
-0,05878051;0,4832154;0,01646791
-0,05878051;0,4832154;0,01646791
-0,05878051;0,4832154;0,01646791
-0,05878051;0,4832154;0,01646791
-0,06229251;0,5204018;0,01630311
-0,06229251;0,5204018;0,01630311
-0,06229251;0,5204018;0,01630311
-0,06578867;0,5584907;0,01614895
-0,06578867;0,5584907;0,01614895
-0,06578867;0,5584907;0,01614895
-0,06820013;0,5848971;0,0161808
-0,06820013;0,5848971;0,0161808
-0,06820013;0,5848971;0,0161808
-0,06820013;0,5848971;0,0161808
-0,07185312;0,6281298;0,01632654
-0,07185312;0,6281298;0,01632654
-0,07185312;0,6281298;0,01632654
-0,07185312;0,6281298;0,01632654
-0,07185312;0,6281298;0,01632654
-0,07774275;0,6544825;0,01676934
-0,07774275;0,6544825;0,01676934
-0,07774275;0,6544825;0,01676934
-0,08032662;0,673507;0,01657512
-0,08032662;0,673507;0,01657512
-0,08032662;0,673507;0,01657512
-0,08032662;0,673507;0,01657512
-0,08222066;0,6844513;0,01779014
-0,08222066;0,6844513;0,01779014
-0,08222066;0,6844513;0,01779014
-0,08233596;0,6899851;0,01800228
-0,08233596;0,6899851;0,01800228
-0,08233596;0,6899851;0,01800228
-0,08233596;0,6899851;0,01800228
-0,08233596;0,6899851;0,01800228
-0,08192927;0,6923126;0,0179418
-0,08192927;0,6923126;0,0179418
-0,08192927;0,6923126;0,0179418
-0,08192927;0,6923126;0,0179418
-0,08192927;0,6923126;0,0179418
-0,08085045;0,6944711;0,01830688
-0,08085045;0,6944711;0,01830688
-0,08085045;0,6944711;0,01830688
-0,07987195;0,6950265;0,01846632
-0,07987195;0,6950265;0,01846632
-0,07987195;0,6950265;0,01846632
-0,07987195;0,6950265;0,01846632
-0,07987195;0,6950265;0,01846632
-0,07987195;0,6950265;0,01846632
-0,07979821;0,6952305;0,01806544
-0,07979821;0,6952305;0,01806544
-0,07979821;0,6952305;0,01806544
-0,07979821;0,6952305;0,01806544
-0,07979821;0,6952305;0,01806544
-0,07968167;0,6959182;0,01824867
-0,07968167;0,6959182;0,01824867
-0,07968167;0,6959182;0,01824867
-0,07968167;0,6959182;0,01824867
-0,0791752;0,6962996;0,01808414
-0,0791752;0,6962996;0,01808414
-0,0791752;0,6962996;0,01808414
-0,07924245;0,6970866;0,01794471
-0,07924245;0,6970866;0,01794471
-0,07924245;0,6970866;0,01794471
-0,07924245;0,6970866;0,01794471
-0,07924245;0,6970866;0,01794471
-0,08107521;0,6976512;0,01740529
-0,08107521;0,6976512;0,01740529
-0,08107521;0,6976512;0,01740529
-0,08460394;0,6965779;0,01424628
-0,08460394;0,6965779;0,01424628
-0,08460394;0,6965779;0,01424628
-0,08460394;0,6965779;0,01424628
-0,08460394;0,6965779;0,01424628
-0,08809916;0,6959687;0,01281861
-0,08809916;0,6959687;0,01281861
-0,08809916;0,6959687;0,01281861
-0,08809916;0,6959687;0,01281861
-0,08858155;0,6958771;0,01262184
-0,08858155;0,6958771;0,01262184
-0,08858155;0,6958771;0,01262184
-0,08860222;0,6958538;0,01252603
-0,08860222;0,6958538;0,01252603
-0,08860222;0,6958538;0,01252603
-0,08860222;0,6958538;0,01252603
-0,08860438;0,6958412;0,01250659
-0,08860438;0,6958412;0,01250659
-0,08866212;0,6958216;0,01249767
-0,08866212;0,6958216;0,01249767
-0,08866212;0,6958216;0,01249767
-0,08866212;0,6958216;0,01249767
-0,08866212;0,6958216;0,01249767
-0,08871137;0,6958022;0,01243135
-0,08871137;0,6958022;0,01243135
-0,08871137;0,6958022;0,01243135
-0,08871137;0,6958022;0,01243135
-0,08870552;0,6957894;0,01233324
-0,08870552;0,6957894;0,01233324
-0,08870552;0,6957894;0,01233324
-0,08870552;0,6957894;0,01233324
-0,08868998;0,6957748;0,01233216
-0,08868998;0,6957748;0,01233216
-0,08868998;0,6957748;0,01233216
-0,08868998;0,6957748;0,01233216
-0,08872475;0,6957788;0,01227388
-0,08872475;0,6957788;0,01227388
-0,08872475;0,6957788;0,01227388
-0,08871666;0,6957776;0,01209508
-0,08871666;0,6957776;0,01209508
-0,08871666;0,6957776;0,01209508
-0,08871666;0,6957776;0,01209508
-0,08877672;0,6957591;0,01209364
-0,08877672;0,6957591;0,01209364
-0,08877672;0,6957591;0,01209364
-0,08881892;0,6957506;0,0121524
-0,08881892;0,6957506;0,0121524
-0,08881892;0,6957506;0,0121524
-0,08880253;0,6957457;0,01214858
-0,08880253;0,6957457;0,01214858
-0,08880253;0,6957457;0,01214858
-0,08880253;0,6957457;0,01214858
-0,08880253;0,6957457;0,01214858
-0,08892967;0,6957139;0,01215684
-0,08892967;0,6957139;0,01215684
-0,08892967;0,6957139;0,01215684
-0,08896285;0,6957136;0,01216169
-0,08896285;0,6957136;0,01216169
-0,08896285;0,6957136;0,01216169
-0,08896285;0,6957136;0,01216169
-0,08896285;0,6957136;0,01216169
-0,08898731;0,6957133;0,01209255
-0,08898731;0,6957133;0,01209255
-0,08898731;0,6957133;0,01209255
-0,08898731;0,6957133;0,01209255
-0,08898246;0,6957033;0,01207619
-0,08898246;0,6957033;0,01207619
-0,08898246;0,6957033;0,01207619
-0,08898208;0,6956933;0,01198127
-0,08898208;0,6956933;0,01198127
-0,08898208;0,6956933;0,01198127
-0,08901614;0,6956906;0,01193144
-0,08901614;0,6956906;0,01193144
-0,08901614;0,6956906;0,01193144
-0,08901614;0,6956906;0,01193144
-0,08901192;0,6956769;0,01193665
-0,08901192;0,6956769;0,01193665
-0,08901192;0,6956769;0,01193665
-0,08901192;0,6956769;0,01193665
-0,08901192;0,6956769;0,01193665
-0,08901192;0,6956769;0,01193665
-0,08906443;0,6956527;0,01192481
-0,08906443;0,6956527;0,01192481
-0,08906443;0,6956527;0,01192481
-0,08911777;0,6956329;0,01198449
-0,08911777;0,6956329;0,01198449
-0,08911777;0,6956329;0,01198449
-0,08911777;0,6956329;0,01198449
-0,08912834;0,6956141;0,01202215
-0,08912834;0,6956141;0,01202215
-0,08912834;0,6956141;0,01202215
-0,08914002;0,6956033;0,01198662
-0,08914002;0,6956033;0,01198662
-0,08914002;0,6956033;0,01198662
-0,08914002;0,6956033;0,01198662
-0,08914002;0,6956033;0,01198662
-0,08911176;0,695592;0,01191922
-0,08911176;0,695592;0,01191922
-0,08911176;0,695592;0,01191922
-0,08911176;0,695592;0,01191922
-0,08911176;0,695592;0,01191922
-0,08905731;0,69559;0,01187844
-0,08905731;0,69559;0,01187844
-0,08906802;0,6955797;0,01192347
-0,08906802;0,6955797;0,01192347
-0,08906802;0,6955797;0,01192347
-0,08906802;0,6955797;0,01192347
-0,08905227;0,69557;0,0118942
-0,08905227;0,69557;0,0118942
-0,08905227;0,69557;0,0118942
-0,08905298;0,6955554;0,01178288
-0,08905298;0,6955554;0,01178288
-0,08905298;0,6955554;0,01178288
-0,08905298;0,6955554;0,01178288
-0,08905298;0,6955554;0,01178288
-0,08903791;0,6955476;0,01181571
-0,08903791;0,6955476;0,01181571
-0,08902611;0,6955399;0,01183677
-0,08902611;0,6955399;0,01183677
-0,08902611;0,6955399;0,01183677
-0,08902611;0,6955399;0,01183677
-0,08902611;0,6955399;0,01183677
-0,08969706;0,6955084;0,0129028
-0,08969706;0,6955084;0,0129028
-0,08969706;0,6955084;0,0129028
-0,08969187;0,6955137;0,01290441
-0,08969187;0,6955137;0,01290441
-0,08969187;0,6955137;0,01290441
-0,08969187;0,6955137;0,01290441
-0,08969187;0,6955137;0,01290441
-0,08967345;0,6955353;0,01272081
-0,08967345;0,6955353;0,01272081
-0,08967345;0,6955353;0,01272081
-0,08942144;0,6956118;0,01273842
-0,08942144;0,6956118;0,01273842
-0,08942144;0,6956118;0,01273842
-0,088213;0,695823;0,01263549
-0,088213;0,695823;0,01263549
-0,088213;0,695823;0,01263549
-0,08680511;0,6958944;0,01250087
-0,08680511;0,6958944;0,01250087
-0,08680511;0,6958944;0,01250087
-0,08680511;0,6958944;0,01250087
-0,08680511;0,6958944;0,01250087
-0,08391237;0,6955976;0,01289263
-0,08391237;0,6955976;0,01289263
-0,08391237;0,6955976;0,01289263
-0,08391237;0,6955976;0,01289263
-0,0824001;0,691911;0,01338517
-0,0824001;0,691911;0,01338517
-0,0824001;0,691911;0,01338517
-0,0824001;0,691911;0,01338517
-0,08413538;0,6814157;0,01423188
-0,08413538;0,6814157;0,01423188
-0,08413538;0,6814157;0,01423188
-0,08279401;0,6537395;0,01495378
-0,08279401;0,6537395;0,01495378
-0,08279401;0,6537395;0,01495378
-0,08097917;0,6299939;0,01487415
-0,08097917;0,6299939;0,01487415
-0,08097917;0,6299939;0,01487415
-0,07747578;0,5785382;0,01242286
-0,07747578;0,5785382;0,01242286
-0,07747578;0,5785382;0,01242286
-0,07747578;0,5785382;0,01242286
-0,07747578;0,5785382;0,01242286
-0,06721421;0,5223077;0,009950737
-0,06721421;0,5223077;0,009950737
-0,06721421;0,5223077;0,009950737
-0,06133398;0,4617269;0,007918766
-0,06133398;0,4617269;0,007918766
-0,06133398;0,4617269;0,007918766
-0,06133398;0,4617269;0,007918766
-0,05396502;0,4014652;0,006195046
-0,05396502;0,4014652;0,006195046
-0,05396502;0,4014652;0,006195046
-0,04685231;0,3614938;0,005754559
-0,04685231;0,3614938;0,005754559
-0,04685231;0,3614938;0,005754559
-0,04685231;0,3614938;0,005754559
-0,04252366;0,3145233;0,003676924
-0,04252366;0,3145233;0,003676924
-0,04252366;0,3145233;0,003676924
-0,04252366;0,3145233;0,003676924
-0,04252366;0,3145233;0,003676924
-0,03783693;0,2769196;0,001174617
-0,03783693;0,2769196;0,001174617
-0,03783693;0,2769196;0,001174617
-0,03783693;0,2769196;0,001174617
-0,03251329;0,2280623;-0,0004543529
-0,03251329;0,2280623;-0,0004543529
-0,03251329;0,2280623;-0,0004543529
-0,03251329;0,2280623;-0,0004543529
-0,03251329;0,2280623;-0,0004543529
-0,03089773;0,1879766;-0,001595126
-0,03089773;0,1879766;-0,001595126
-0,03089773;0,1879766;-0,001595126
-0,03089773;0,1879766;-0,001595126
-0,03112686;0,1712729;-0,003819421
-0,03112686;0,1712729;-0,003819421
-0,03112686;0,1712729;-0,003819421
-0,03112686;0,1712729;-0,003819421
-0,03112686;0,1712729;-0,003819421
-0,03091844;0,1234552;-0,007405112
-0,03091844;0,1234552;-0,007405112
-0,03091844;0,1234552;-0,007405112
-0,02525947;0,0835081;-0,006987132
-0,02525947;0,0835081;-0,006987132
-0,02525947;0,0835081;-0,006987132
-0,02078716;0,05850267;-0,006466961
-0,02078716;0,05850267;-0,006466961
-0,02078716;0,05850267;-0,006466961
-0,02078716;0,05850267;-0,006466961
-0,01885161;0,03333787;-0,006668882
-0,01885161;0,03333787;-0,006668882
-0,01885161;0,03333787;-0,006668882
-0,01594822;0,008204611;-0,007742329
-0,01594822;0,008204611;-0,007742329
-0,01594822;0,008204611;-0,007742329
-0,01477746;-0,01050119;-0,009069505
-0,01477746;-0,01050119;-0,009069505
-0,01477746;-0,01050119;-0,009069505
-0,01477746;-0,01050119;-0,009069505
-0,01337246;-0,02187724;-0,009720244
-0,01337246;-0,02187724;-0,009720244
-0,01337246;-0,02187724;-0,009720244
-0,01337246;-0,02187724;-0,009720244
-0,01316782;-0,03199491;-0,009655605
-0,01316782;-0,03199491;-0,009655605
-0,01316782;-0,03199491;-0,009655605
-0,01316782;-0,03199491;-0,009655605
-0,0120599;-0,04823152;-0,008650023
-0,0120599;-0,04823152;-0,008650023
-0,0120599;-0,04823152;-0,008650023
-0,008990102;-0,04896371;-0,005848303
-0,008990102;-0,04896371;-0,005848303
-0,008990102;-0,04896371;-0,005848303
-0,008990102;-0,04896371;-0,005848303
-0,009216326;-0,04469588;-0,00595678
-0,009216326;-0,04469588;-0,00595678
-0,009216326;-0,04469588;-0,00595678
-0,009216326;-0,04469588;-0,00595678
-0,009964947;-0,04130414;-0,007020094
-0,009964947;-0,04130414;-0,007020094
-0,009964947;-0,04130414;-0,007020094
-0,009757338;-0,03917336;-0,007466663
-0,009757338;-0,03917336;-0,007466663
-0,009757338;-0,03917336;-0,007466663
-0,009757338;-0,03917336;-0,007466663
-0,009294818;-0,03896807;-0,008212248
-0,009294818;-0,03896807;-0,008212248
-0,009294818;-0,03896807;-0,008212248
-0,007072567;-0,03916448;-0,008998119
-0,007072567;-0,03916448;-0,008998119
-0,003143345;-0,03899978;-0,00875275
-0,003143345;-0,03899978;-0,00875275
-0,003143345;-0,03899978;-0,00875275
-0,003143345;-0,03899978;-0,00875275
-0,001881862;-0,03892606;-0,008641865
-0,001881862;-0,03892606;-0,008641865
-0,001881862;-0,03892606;-0,008641865
-0,001881862;-0,03892606;-0,008641865
-0,001881862;-0,03892606;-0,008641865
-0,001666609;-0,03892808;-0,008647788
-0,001666609;-0,03892808;-0,008647788
-0,001666609;-0,03892808;-0,008647788
-0,001629193;-0,0389259;-0,008684451
-0,001629193;-0,0389259;-0,008684451
-0,001629193;-0,0389259;-0,008684451
-0,001629193;-0,0389259;-0,008684451
-0,001629193;-0,0389259;-0,008684451
-0,001629193;-0,0389259;-0,008684451
-0,001650008;-0,03892376;-0,008756652
-0,001650008;-0,03892376;-0,008756652
-0,001650008;-0,03892376;-0,008756652
-0,001662798;-0,03892657;-0,008786443
-0,001662798;-0,03892657;-0,008786443
-0,001662798;-0,03892657;-0,008786443
-0,00163945;-0,03892429;-0,008801215
-0,00163945;-0,03892429;-0,008801215
-0,00163945;-0,03892429;-0,008801215
-0,001672989;-0,03893051;-0,008729077
-0,001672989;-0,03893051;-0,008729077
-0,001672989;-0,03893051;-0,008729077
-0,001672989;-0,03893051;-0,008729077
-0,001672989;-0,03893051;-0,008729077
-0,001675984;-0,03894209;-0,008704694
-0,001675984;-0,03894209;-0,008704694
-0,001595749;-0,03892368;-0,008745464
-0,001595749;-0,03892368;-0,008745464
-0,001595749;-0,03892368;-0,008745464
-0,001595749;-0,03892368;-0,008745464
-0,001553334;-0,0389151;-0,008726876
-0,001553334;-0,0389151;-0,008726876
-0,001553334;-0,0389151;-0,008726876
-0,001555803;-0,0389064;-0,008723688
-0,001555803;-0,0389064;-0,008723688
-0,001555803;-0,0389064;-0,008723688
-0,001554446;-0,03892271;-0,00868184
-0,001554446;-0,03892271;-0,00868184
-0,001554446;-0,03892271;-0,00868184
-0,001554446;-0,03892271;-0,00868184
-0,001554446;-0,03892271;-0,00868184
-0,001554446;-0,03892271;-0,00868184
-0,001551219;-0,03893939;-0,008733661
-0,001551219;-0,03893939;-0,008733661
-0,001551219;-0,03893939;-0,008733661
-0,001533123;-0,03893055;-0,008750744
-0,001533123;-0,03893055;-0,008750744
-0,001533123;-0,03893055;-0,008750744
-0,001533123;-0,03893055;-0,008750744
-0,001508043;-0,0389539;-0,008727041
-0,001508043;-0,0389539;-0,008727041
-0,001508043;-0,0389539;-0,008727041
-0,001508043;-0,0389539;-0,008727041
-0,001413239;-0,03894887;-0,008733951
-0,001413239;-0,03894887;-0,008733951
-0,001413239;-0,03894887;-0,008733951
-0,001411678;-0,03895375;-0,008758593
-0,001411678;-0,03895375;-0,008758593
-0,001411678;-0,03895375;-0,008758593
-0,001411678;-0,03895375;-0,008758593
-0,001419546;-0,03896914;-0,00877454
-0,001419546;-0,03896914;-0,00877454
-0,001419546;-0,03896914;-0,00877454
-0,001419546;-0,03896914;-0,00877454
-0,001452722;-0,0389746;-0,008722935
-0,001452722;-0,0389746;-0,008722935
-0,001452722;-0,0389746;-0,008722935
-0,001452722;-0,0389746;-0,008722935
0,0004684825;-0,03876326;-0,006562898
0,0004684825;-0,03876326;-0,006562898
0,0004684825;-0,03876326;-0,006562898
0,0004684825;-0,03876326;-0,006562898
0,001313649;-0,03863049;-0,005860946
0,001313649;-0,03863049;-0,005860946
0,001313649;-0,03863049;-0,005860946
0,001313649;-0,03863049;-0,005860946
0,002028172;-0,03859415;-0,007603071
0,002028172;-0,03859415;-0,007603071
0,002028172;-0,03859415;-0,007603071
0,001583852;-0,03915273;-0,006741656
0,001583852;-0,03915273;-0,006741656
0,001583852;-0,03915273;-0,006741656
0,0006753044;-0,04020275;-0,005327001
0,0006753044;-0,04020275;-0,005327001
0,0006753044;-0,04020275;-0,005327001
0,0006753044;-0,04020275;-0,005327001
0,001085149;-0,04283022;-0,003853417
0,001085149;-0,04283022;-0,003853417
0,001365095;-0,04500728;-0,002745579
0,001365095;-0,04500728;-0,002745579
0,001365095;-0,04500728;-0,002745579
0,001365095;-0,04500728;-0,002745579
0,004816562;-0,06974004;-0,003674032
0,004816562;-0,06974004;-0,003674032
0,004816562;-0,06974004;-0,003674032
0,004816562;-0,06974004;-0,003674032
0,01124162;-0,1139237;-0,00663326
0,01124162;-0,1139237;-0,00663326
0,01124162;-0,1139237;-0,00663326
0,01124162;-0,1139237;-0,00663326
0,01651998;-0,1528585;-0,007382656
0,01651998;-0,1528585;-0,007382656
0,01651998;-0,1528585;-0,007382656
0,0200871;-0,1912862;-0,008435396
0,0200871;-0,1912862;-0,008435396
0,0200871;-0,1912862;-0,008435396
0,0200871;-0,1912862;-0,008435396
0,02446233;-0,2306829;-0,01342233
0,02446233;-0,2306829;-0,01342233
0,02446233;-0,2306829;-0,01342233
0,03167068;-0,2817261;-0,01512101
0,03167068;-0,2817261;-0,01512101
0,03167068;-0,2817261;-0,01512101
0,03167068;-0,2817261;-0,01512101
0,04143117;-0,3369217;-0,01749535
0,04143117;-0,3369217;-0,01749535
0,04143117;-0,3369217;-0,01749535
0,0489653;-0,3895935;-0,01685415
0,0489653;-0,3895935;-0,01685415
0,0489653;-0,3895935;-0,01685415
0,0489653;-0,3895935;-0,01685415
0,0489653;-0,3895935;-0,01685415
0,05505866;-0,4262274;-0,01548626
0,05505866;-0,4262274;-0,01548626
0,05505866;-0,4262274;-0,01548626
0,05505866;-0,4262274;-0,01548626
0,05505866;-0,4262274;-0,01548626
0,05785456;-0,4609311;-0,01414395
0,05785456;-0,4609311;-0,01414395
0,05785456;-0,4609311;-0,01414395
0,0604312;-0,4848195;-0,01490583
0,0604312;-0,4848195;-0,01490583
0,0604312;-0,4848195;-0,01490583
0,06185169;-0,510498;-0,01643517
0,06185169;-0,510498;-0,01643517
0,06185169;-0,510498;-0,01643517
0,06185169;-0,510498;-0,01643517
0,06739937;-0,5459629;-0,01663603
0,06739937;-0,5459629;-0,01663603
0,06739937;-0,5459629;-0,01663603
0,06739937;-0,5459629;-0,01663603
0,07088513;-0,5813669;-0,01729821
0,07088513;-0,5813669;-0,01729821
0,07088513;-0,5813669;-0,01729821
0,07088513;-0,5813669;-0,01729821
0,07504054;-0,6106517;-0,01637158
0,07504054;-0,6106517;-0,01637158
0,07504054;-0,6106517;-0,01637158
0,07504054;-0,6106517;-0,01637158
0,07504054;-0,6106517;-0,01637158
0,07702962;-0,6312677;-0,01749424
0,07702962;-0,6312677;-0,01749424
0,07702962;-0,6312677;-0,01749424
0,07875521;-0,655489;-0,01790649
0,07875521;-0,655489;-0,01790649
0,07875521;-0,655489;-0,01790649
0,07875521;-0,655489;-0,01790649
0,08115251;-0,6786642;-0,01921268
0,08115251;-0,6786642;-0,01921268
0,08115251;-0,6786642;-0,01921268
0,08643155;-0,6971647;-0,01636019
0,08643155;-0,6971647;-0,01636019
0,08643155;-0,6971647;-0,01636019
0,08825119;-0,7042254;-0,01628873
0,08825119;-0,7042254;-0,01628873
0,08825119;-0,7042254;-0,01628873
0,08825119;-0,7042254;-0,01628873
0,08913317;-0,7068138;-0,01752159
0,08913317;-0,7068138;-0,01752159
0,08913317;-0,7068138;-0,01752159
0,08895594;-0,7074951;-0,02076174
0,08895594;-0,7074951;-0,02076174
0,08895594;-0,7074951;-0,02076174
0,08895594;-0,7074951;-0,02076174
0,08958098;-0,705943;-0,02182929
0,08958098;-0,705943;-0,02182929
0,08958098;-0,705943;-0,02182929
0,08958098;-0,705943;-0,02182929
0,08972808;-0,7051182;-0,02418215
0,08972808;-0,7051182;-0,02418215
0,08972808;-0,7051182;-0,02418215
0,08938863;-0,7049071;-0,02496058
0,08938863;-0,7049071;-0,02496058
0,08938863;-0,7049071;-0,02496058
0,08938863;-0,7049071;-0,02496058
0,0891499;-0,7048644;-0,02528366
0,0891499;-0,7048644;-0,02528366
0,0891499;-0,7048644;-0,02528366
0,089033;-0,7048405;-0,02547359
0,089033;-0,7048405;-0,02547359
0,089033;-0,7048405;-0,02547359
0,089033;-0,7048405;-0,02547359
0,089033;-0,7048405;-0,02547359
0,08896683;-0,7048165;-0,02561178
0,08896683;-0,7048165;-0,02561178
0,08896683;-0,7048165;-0,02561178
0,08892921;-0,7047951;-0,02571917
0,08892921;-0,7047951;-0,02571917
0,08892921;-0,7047951;-0,02571917
0,08892921;-0,7047951;-0,02571917
0,08892921;-0,7047951;-0,02571917
0,08884596;-0,7047836;-0,02578202
0,08884596;-0,7047836;-0,02578202
0,08884596;-0,7047836;-0,02578202
0,08879827;-0,7047737;-0,02594157
0,08879827;-0,7047737;-0,02594157
0,08879827;-0,7047737;-0,02594157
0,08879827;-0,7047737;-0,02594157
0,08879536;-0,7047661;-0,02596042
0,08879536;-0,7047661;-0,02596042
0,08879536;-0,7047661;-0,02596042
0,08880814;-0,7047547;-0,0259941
0,08880814;-0,7047547;-0,0259941
0,08880814;-0,7047547;-0,0259941
0,08880814;-0,7047547;-0,0259941
0,08880814;-0,7047547;-0,0259941
0,08885643;-0,7047353;-0,02607083
0,08885643;-0,7047353;-0,02607083
0,08885643;-0,7047353;-0,02607083
0,08889203;-0,7047289;-0,02606102
0,08889203;-0,7047289;-0,02606102
0,08889203;-0,7047289;-0,02606102
0,08889203;-0,7047289;-0,02606102
0,08889203;-0,7047289;-0,02606102
0,08885501;-0,7047272;-0,02602373
0,08885501;-0,7047272;-0,02602373
0,08885501;-0,7047272;-0,02602373
0,08880752;-0,7047287;-0,02598826
0,08880752;-0,7047287;-0,02598826
0,08880752;-0,7047287;-0,02598826
0,08879162;-0,7047251;-0,02599128
0,08879162;-0,7047251;-0,02599128
0,08879162;-0,7047251;-0,02599128
0,08881526;-0,7047244;-0,02597817
0,08881526;-0,7047244;-0,02597817
0,08881526;-0,7047244;-0,02597817
0,08881801;-0,7047195;-0,02597486
0,08881801;-0,7047195;-0,02597486
0,08881801;-0,7047195;-0,02597486
0,08881801;-0,7047195;-0,02597486
0,08891617;-0,7047021;-0,02596742
0,08891617;-0,7047021;-0,02596742
0,08891617;-0,7047021;-0,02596742
0,08889579;-0,7046974;-0,02597642
0,08889579;-0,7046974;-0,02597642
0,08886993;-0,704698;-0,02603403
0,08886993;-0,704698;-0,02603403
0,08886993;-0,704698;-0,02603403
0,08886993;-0,704698;-0,02603403
0,08883016;-0,7047006;-0,02597957
0,08883016;-0,7047006;-0,02597957
0,08883016;-0,7047006;-0,02597957
0,08878175;-0,7046998;-0,02592644
0,08878175;-0,7046998;-0,02592644
0,08878175;-0,7046998;-0,02592644
0,08878175;-0,7046998;-0,02592644
0,08878175;-0,7046998;-0,02592644
0,08883782;-0,7046833;-0,02595877
0,08883782;-0,7046833;-0,02595877
0,08883782;-0,7046833;-0,02595877
0,08888035;-0,7046679;-0,02598168
0,08888035;-0,7046679;-0,02598168
0,08888035;-0,7046679;-0,02598168
0,08888035;-0,7046679;-0,02598168
0,08883149;-0,7046655;-0,02595296
0,08883149;-0,7046655;-0,02595296
0,08883149;-0,7046655;-0,02595296
0,08883149;-0,7046655;-0,02595296
0,08883149;-0,7046655;-0,02595296
0,08888389;-0,7046494;-0,02601994
0,08888389;-0,7046494;-0,02601994
0,08888389;-0,7046494;-0,02601994
0,08888389;-0,7046494;-0,02601994
0,08888389;-0,7046494;-0,02601994
0,08878979;-0,7046674;-0,02604993
0,08878979;-0,7046674;-0,02604993
0,08878979;-0,7046674;-0,02604993
0,08878979;-0,7046674;-0,02604993
0,08876078;-0,7046694;-0,02596392
0,08876078;-0,7046694;-0,02596392
0,08876078;-0,7046694;-0,02596392
0,08876283;-0,7046615;-0,02593783
0,08876283;-0,7046615;-0,02593783
0,08876283;-0,7046615;-0,02593783
0,08876283;-0,7046615;-0,02593783
0,08876283;-0,7046615;-0,02593783
0,088806;-0,7046464;-0,02598103
0,088806;-0,7046464;-0,02598103
0,088806;-0,7046464;-0,02598103
0,0887904;-0,704639;-0,02600754
0,0887904;-0,704639;-0,02600754
0,0887904;-0,704639;-0,02600754
0,0887904;-0,704639;-0,02600754
0,08883687;-0,7046334;-0,02603268
0,08883687;-0,7046334;-0,02603268
0,08883687;-0,7046334;-0,02603268
0,08886903;-0,7046223;-0,02606996
0,08886903;-0,7046223;-0,02606996
0,08886903;-0,7046223;-0,02606996
0,08886903;-0,7046223;-0,02606996
0,08886903;-0,7046223;-0,02606996
0,08886903;-0,7046223;-0,02606996
0,08884073;-0,704615;-0,02613949
0,08884073;-0,704615;-0,02613949
0,08884073;-0,704615;-0,02613949
0,08877312;-0,7046295;-0,02616536
0,08877312;-0,7046295;-0,02616536
0,08877312;-0,7046295;-0,02616536
0,08877312;-0,7046295;-0,02616536
0,08880984;-0,7046258;-0,02609881
0,08880984;-0,7046258;-0,02609881
0,08880984;-0,7046258;-0,02609881
0,08879966;-0,7046231;-0,02609481
0,08879966;-0,7046231;-0,02609481
0,08879966;-0,7046231;-0,02609481
0,08879966;-0,7046231;-0,02609481
0,08880787;-0,7046128;-0,0260763
0,08880787;-0,7046128;-0,0260763
0,08880787;-0,7046128;-0,0260763
0,08880787;-0,7046128;-0,0260763
0,08876652;-0,7046118;-0,02611991
0,08876652;-0,7046118;-0,02611991
0,08876652;-0,7046118;-0,02611991
0,08876652;-0,7046118;-0,02611991
0,08876652;-0,7046118;-0,02611991
0,08877301;-0,7046136;-0,02610447
0,08877301;-0,7046136;-0,02610447
0,08877301;-0,7046136;-0,02610447
0,08877301;-0,7046136;-0,02610447
0,08877301;-0,7046136;-0,02610447
0,08877301;-0,7046136;-0,02610447
0,08880667;-0,7046064;-0,02613155
0,08880667;-0,7046064;-0,02613155
0,08880667;-0,7046064;-0,02613155
0,08887526;-0,704605;-0,02611762
0,08887526;-0,704605;-0,02611762
0,08887526;-0,704605;-0,02611762
0,08884834;-0,7046161;-0,02606707
0,08884834;-0,7046161;-0,02606707
0,08884834;-0,7046161;-0,02606707
0,08884834;-0,7046161;-0,02606707
0,08884834;-0,7046161;-0,02606707
0,08888078;-0,7046232;-0,02598218
0,08888078;-0,7046232;-0,02598218
0,08886031;-0,7046229;-0,0259243
0,08886031;-0,7046229;-0,0259243
0,08886031;-0,7046229;-0,0259243
0,08886031;-0,7046229;-0,0259243
0,08886031;-0,7046229;-0,0259243
0,08861971;-0,7046301;-0,02521121
0,08861971;-0,7046301;-0,02521121
0,08861971;-0,7046301;-0,02521121
0,08861971;-0,7046301;-0,02521121
0,08861971;-0,7046301;-0,02521121
0,08869684;-0,7046121;-0,02531955
0,08869684;-0,7046121;-0,02531955
0,08869684;-0,7046121;-0,02531955
0,08869684;-0,7046121;-0,02531955
0,08869632;-0,7045572;-0,02557627
0,08869632;-0,7045572;-0,02557627
0,08869632;-0,7045572;-0,02557627
0,08869632;-0,7045572;-0,02557627
0,08869632;-0,7045572;-0,02557627
0,08869632;-0,7045572;-0,02557627
0,08789314;-0,7039213;-0,02577212
0,08789314;-0,7039213;-0,02577212
0,08789314;-0,7039213;-0,02577212
0,08789314;-0,7039213;-0,02577212
0,08765937;-0,7008709;-0,02405212
0,08765937;-0,7008709;-0,02405212
0,08765937;-0,7008709;-0,02405212
0,08765937;-0,7008709;-0,02405212
0,08765937;-0,7008709;-0,02405212
0,08701557;-0,6913424;-0,02190091
0,08701557;-0,6913424;-0,02190091
0,08701557;-0,6913424;-0,02190091
0,08701557;-0,6913424;-0,02190091
0,08449539;-0,6703225;-0,01898138
0,08449539;-0,6703225;-0,01898138
0,08449539;-0,6703225;-0,01898138
0,08449539;-0,6703225;-0,01898138
0,08075895;-0,6347593;-0,0178321
0,08075895;-0,6347593;-0,0178321
0,08075895;-0,6347593;-0,0178321
0,07545993;-0,5954986;-0,01697844
0,07545993;-0,5954986;-0,01697844
0,07545993;-0,5954986;-0,01697844
0,07545993;-0,5954986;-0,01697844
0,07129133;-0,5497341;-0,01676383
0,07129133;-0,5497341;-0,01676383
0,07129133;-0,5497341;-0,01676383
0,07129133;-0,5497341;-0,01676383
0,07129133;-0,5497341;-0,01676383
0,06480324;-0,5133032;-0,021238
0,06480324;-0,5133032;-0,021238
0,06480324;-0,5133032;-0,021238
0,0621224;-0,498966;-0,02160299
0,0621224;-0,498966;-0,02160299
0,0621224;-0,498966;-0,02160299
0,05895246;-0,4739264;-0,02082387
0,05895246;-0,4739264;-0,02082387
0,05895246;-0,4739264;-0,02082387
0,05895246;-0,4739264;-0,02082387
0,05561014;-0,4320602;-0,02036931
0,05561014;-0,4320602;-0,02036931
0,05561014;-0,4320602;-0,02036931
0,05561014;-0,4320602;-0,02036931
0,05116419;-0,373464;-0,01841805
0,05116419;-0,373464;-0,01841805
0,05116419;-0,373464;-0,01841805
0,04548227;-0,3129188;-0,01490587
0,04548227;-0,3129188;-0,01490587
0,04548227;-0,3129188;-0,01490587
0,03689484;-0,250121;-0,01204181
0,03689484;-0,250121;-0,01204181
0,03689484;-0,250121;-0,01204181
0,03689484;-0,250121;-0,01204181
0,02606613;-0,1885144;-0,0102935
0,02606613;-0,1885144;-0,0102935
0,02606613;-0,1885144;-0,0102935
0,0200377;-0,1571183;-0,009414512
0,0200377;-0,1571183;-0,009414512
0,0200377;-0,1571183;-0,009414512
0,0200377;-0,1571183;-0,009414512
0,0200377;-0,1571183;-0,009414512
0,01384849;-0,1144975;-0,007491855
0,01384849;-0,1144975;-0,007491855
0,01384849;-0,1144975;-0,007491855
0,01384849;-0,1144975;-0,007491855
0,00999595;-0,09562086;-0,009339117
0,00999595;-0,09562086;-0,009339117
0,007905784;-0,08707794;-0,009995695
0,007905784;-0,08707794;-0,009995695
0,007905784;-0,08707794;-0,009995695
0,007905784;-0,08707794;-0,009995695
0,0067149;-0,08005943;-0,009982668
0,0067149;-0,08005943;-0,009982668
0,003301487;-0,07632393;-0,01206191
0,003301487;-0,07632393;-0,01206191
0,003301487;-0,07632393;-0,01206191
0,003301487;-0,07632393;-0,01206191
0,003301487;-0,07632393;-0,01206191
0,001084865;-0,07088729;-0,01186984
0,001084865;-0,07088729;-0,01186984
0,0010216;-0,06345034;-0,009785514
0,0010216;-0,06345034;-0,009785514
0,0010216;-0,06345034;-0,009785514
-0,001524818;-0,05438682;-0,008217289
-0,001524818;-0,05438682;-0,008217289
-0,001524818;-0,05438682;-0,008217289
-0,001524818;-0,05438682;-0,008217289
-0,002468557;-0,04595593;-0,007053125
-0,002468557;-0,04595593;-0,007053125
-0,002468557;-0,04595593;-0,007053125
-0,002468557;-0,04595593;-0,007053125
-0,007217671;-0,0388853;-0,00813755
-0,007217671;-0,0388853;-0,00813755
-0,007217671;-0,0388853;-0,00813755
-0,008159637;-0,03658628;-0,008861786
-0,008159637;-0,03658628;-0,008861786
-0,008159637;-0,03658628;-0,008861786
-0,008414472;-0,03942312;-0,002869825
-0,008414472;-0,03942312;-0,002869825
-0,008414472;-0,03942312;-0,002869825
-0,008414472;-0,03942312;-0,002869825
-0,008414472;-0,03942312;-0,002869825
0,001734466;-0,05179521;-0,00318873
0,001734466;-0,05179521;-0,00318873
0,005926872;-0,05434828;-0,002826902
0,005926872;-0,05434828;-0,002826902
0,005926872;-0,05434828;-0,002826902
0,005926872;-0,05434828;-0,002826902
0,005926872;-0,05434828;-0,002826902
0,006570529;-0,05515309;-0,002923717
0,006570529;-0,05515309;-0,002923717
0,006570529;-0,05515309;-0,002923717
0,00657276;-0,05525856;-0,00286456
0,00657276;-0,05525856;-0,00286456
0,00657276;-0,05525856;-0,00286456
0,00657276;-0,05525856;-0,00286456
0,00657276;-0,05525856;-0,00286456
0,006385926;-0,05531045;-0,002957495
0,006385926;-0,05531045;-0,002957495
0,006385926;-0,05531045;-0,002957495
0,005832795;-0,0572833;-0,00304381
0,005832795;-0,0572833;-0,00304381
0,005832795;-0,0572833;-0,00304381
0,005832795;-0,0572833;-0,00304381
0,006687345;-0,05839035;-0,003246848
0,006687345;-0,05839035;-0,003246848
0,006687345;-0,05839035;-0,003246848
0,006687345;-0,05839035;-0,003246848
0,006687345;-0,05839035;-0,003246848
0,006687345;-0,05839035;-0,003246848
0,008382371;-0,05557096;-0,002734015
0,008382371;-0,05557096;-0,002734015
0,006254218;-0,04460971;-0,002519012
0,006254218;-0,04460971;-0,002519012
0,006254218;-0,04460971;-0,002519012
0,006254218;-0,04460971;-0,002519012
0,00628917;-0,02565073;0,00181411
0,00628917;-0,02565073;0,00181411
0,00628917;-0,02565073;0,00181411
0,00628917;-0,02565073;0,00181411
-0,004055017;-0,006348209;-0,01003066
-0,004055017;-0,006348209;-0,01003066
-0,004055017;-0,006348209;-0,01003066
-0,004055017;-0,006348209;-0,01003066
-0,005702882;0,009760397;-0,007963442
-0,005702882;0,009760397;-0,007963442
-0,005702882;0,009760397;-0,007963442
-0,0153694;0,02937062;-0,005957937
-0,0153694;0,02937062;-0,005957937
-0,0153694;0,02937062;-0,005957937
-0,0153694;0,02937062;-0,005957937
-0,03793455;0,04379928;-0,0006366406
-0,03793455;0,04379928;-0,0006366406
-0,03793455;0,04379928;-0,0006366406
-0,03793455;0,04379928;-0,0006366406
-0,03586405;0,04560271;-0,003907563
-0,03586405;0,04560271;-0,003907563
-0,03586405;0,04560271;-0,003907563
-0,03586405;0,04560271;-0,003907563
-0,01087747;0,03541934;-0,01372968
-0,01087747;0,03541934;-0,01372968
-0,01087747;0,03541934;-0,01372968
-0,01087747;0,03541934;-0,01372968
0,004628658;0,02110284;-0,01277566
0,004628658;0,02110284;-0,01277566
0,004628658;0,02110284;-0,01277566
0,007679363;0,01504358;-0,007650898
0,007679363;0,01504358;-0,007650898
0,007679363;0,01504358;-0,007650898
0,00576763;0,01406611;-0,005749003
0,00576763;0,01406611;-0,005749003
0,00576763;0,01406611;-0,005749003
0,001837318;0,01162793;-0,001895623
0,001837318;0,01162793;-0,001895623
0,001837318;0,01162793;-0,001895623
0,001888408;0,009946113;-0,001964539
0,001888408;0,009946113;-0,001964539
0,001888408;0,009946113;-0,001964539
0,0006748135;0,009918009;-0,002790807
0,0006748135;0,009918009;-0,002790807
0,0006748135;0,009918009;-0,002790807
-0,001367293;0,00990728;-0,005294927
-0,001367293;0,00990728;-0,005294927
-0,001367293;0,00990728;-0,005294927
-0,001367293;0,00990728;-0,005294927
-0,001367293;0,00990728;-0,005294927
-0,001010371;0,01002289;-0,006253342
-0,001010371;0,01002289;-0,006253342
-0,001010371;0,01002289;-0,006253342
-0,001010371;0,01002289;-0,006253342
-0,0004663751;0,01010089;-0,006533911
-0,0004663751;0,01010089;-0,006533911
-0,0004663751;0,01010089;-0,006533911
0,000998055;0,01074965;-0,006182615
0,000998055;0,01074965;-0,006182615
0,000998055;0,01074965;-0,006182615
0,000998055;0,01074965;-0,006182615
0,001540217;0,009860233;-0,005958439
0,001540217;0,009860233;-0,005958439
0,001540217;0,009860233;-0,005958439
0,001540217;0,009860233;-0,005958439
-0,0009595755;0,0002249897;-0,007231782
-0,0009595755;0,0002249897;-0,007231782
0,0005670884;-0,01102989;-0,008385177
0,0005670884;-0,01102989;-0,008385177
0,0005670884;-0,01102989;-0,008385177
0,004292875;-0,01905412;-0,008817837
0,004292875;-0,01905412;-0,008817837
0,004292875;-0,01905412;-0,008817837
0,004292875;-0,01905412;-0,008817837
0,005536777;-0,02089281;0,001143033
0,005536777;-0,02089281;0,001143033
0,005536777;-0,02089281;0,001143033
0,005536777;-0,02089281;0,001143033
0,006303885;-0,01868856;0,003349129
0,006303885;-0,01868856;0,003349129
0,006303885;-0,01868856;0,003349129
0,006008728;-0,01622014;0,003261982
0,006008728;-0,01622014;0,003261982
0,006008728;-0,01622014;0,003261982
0,004882568;-0,01452616;0,002002481
0,004882568;-0,01452616;0,002002481
0,004882568;-0,01452616;0,002002481
0,004882568;-0,01452616;0,002002481
0,003113283;-0,01367644;-0,00409941
0,003113283;-0,01367644;-0,00409941
0,003113283;-0,01367644;-0,00409941
0,001182316;-0,01373239;-0,00775705
0,001182316;-0,01373239;-0,00775705
0,001182316;-0,01373239;-0,00775705
0,001182316;-0,01373239;-0,00775705
0,0009047571;-0,0137499;-0,008584293
0,0009047571;-0,0137499;-0,008584293
0,0009047571;-0,0137499;-0,008584293
0,0009702792;-0,01374594;-0,008682265
0,0009702792;-0,01374594;-0,008682265
0,0009702792;-0,01374594;-0,008682265
0,0009702792;-0,01374594;-0,008682265
0,001042453;-0,01373819;-0,008875988
0,001042453;-0,01373819;-0,008875988
0,001042453;-0,01373819;-0,008875988
0,001135251;-0,01371409;-0,008952218
0,001135251;-0,01371409;-0,008952218
0,001135251;-0,01371409;-0,008952218
0,001135251;-0,01371409;-0,008952218
0,001172311;-0,01369949;-0,008934748
0,001172311;-0,01369949;-0,008934748
0,001172311;-0,01369949;-0,008934748
0,001172311;-0,01369949;-0,008934748
0,001172311;-0,01369949;-0,008934748
0,001191183;-0,01367396;-0,009039169
0,001191183;-0,01367396;-0,009039169
0,001191183;-0,01367396;-0,009039169
0,001128183;-0,01367926;-0,009161527
0,001128183;-0,01367926;-0,009161527
0,001128183;-0,01367926;-0,009161527
0,001128183;-0,01367926;-0,009161527
0,001167377;-0,01367746;-0,009030159
0,001167377;-0,01367746;-0,009030159
0,001167377;-0,01367746;-0,009030159
0,001167377;-0,01367746;-0,009030159
0,001207193;-0,01365621;-0,009060586
0,001207193;-0,01365621;-0,009060586
0,001207193;-0,01365621;-0,009060586
0,001207193;-0,01365621;-0,009060586
0,001245099;-0,01366281;-0,009089445
0,001245099;-0,01366281;-0,009089445
0,001245099;-0,01366281;-0,009089445
0,001245099;-0,01366281;-0,009089445
0,001199755;-0,01366629;-0,008980941
0,001199755;-0,01366629;-0,008980941
0,001199755;-0,01366629;-0,008980941
0,001199755;-0,01366629;-0,008980941
0,001181019;-0,01365536;-0,008999189
0,001181019;-0,01365536;-0,008999189
0,001181019;-0,01365536;-0,008999189
0,001181019;-0,01365536;-0,008999189
0,001206147;-0,01364692;-0,009090189
0,001206147;-0,01364692;-0,009090189
0,001206147;-0,01364692;-0,009090189
0,001206147;-0,01364692;-0,009090189
0,001165753;-0,01364162;-0,009069656
0,001165753;-0,01364162;-0,009069656
0,001209966;-0,01362476;-0,009074632
0,001209966;-0,01362476;-0,009074632
0,001209966;-0,01362476;-0,009074632
0,001209966;-0,01362476;-0,009074632
0,001209966;-0,01362476;-0,009074632
0,001133014;-0,01362167;-0,009198101
0,001133014;-0,01362167;-0,009198101
0,001133014;-0,01362167;-0,009198101
0,001133014;-0,01362167;-0,009198101
0,001144096;-0,01361527;-0,009060347
0,001144096;-0,01361527;-0,009060347
0,001144096;-0,01361527;-0,009060347
0,001144096;-0,01361527;-0,009060347
0,001192225;-0,0136195;-0,009152972
0,001192225;-0,0136195;-0,009152972
0,001192225;-0,0136195;-0,009152972
0,001192225;-0,0136195;-0,009152972
0,001181456;-0,01362362;-0,009113074
0,001181456;-0,01362362;-0,009113074
0,001181456;-0,01362362;-0,009113074
0,001189386;-0,01361102;-0,009044869
0,001189386;-0,01361102;-0,009044869
0,001189386;-0,01361102;-0,009044869
0,001189386;-0,01361102;-0,009044869
0,001189386;-0,01361102;-0,009044869
0,001201809;-0,01359444;-0,009142342
0,001201809;-0,01359444;-0,009142342
0,001201809;-0,01359444;-0,009142342
0,001201809;-0,01359444;-0,009142342
0,001062506;-0,01362714;-0,009114986
0,001062506;-0,01362714;-0,009114986
0,001062506;-0,01362714;-0,009114986
0,001135653;-0,01361877;-0,009083556
0,001135653;-0,01361877;-0,009083556
0,001135653;-0,01361877;-0,009083556
0,001135653;-0,01361877;-0,009083556
0,001135653;-0,01361877;-0,009083556
0,001141861;-0,01362235;-0,00904287
0,001141861;-0,01362235;-0,00904287
0,001141861;-0,01362235;-0,00904287
0,001141861;-0,01362235;-0,00904287
0,001108943;-0,01361137;-0,009133074
0,001108943;-0,01361137;-0,009133074
0,001108943;-0,01361137;-0,009133074
0,001108943;-0,01361137;-0,009133074
0,001048295;-0,01362088;-0,009109138
0,001048295;-0,01362088;-0,009109138
0,001048295;-0,01362088;-0,009109138
0,001000369;-0,01361831;-0,009101043
0,001000369;-0,01361831;-0,009101043
0,001000369;-0,01361831;-0,009101043
0,001000369;-0,01361831;-0,009101043
0,001050115;-0,01359772;-0,009179625
0,001050115;-0,01359772;-0,009179625
0,001050115;-0,01359772;-0,009179625
0,001094506;-0,01357875;-0,009133645
0,001094506;-0,01357875;-0,009133645
0,001094506;-0,01357875;-0,009133645
0,001094506;-0,01357875;-0,009133645
0,001094506;-0,01357875;-0,009133645
0,001145753;-0,01355992;-0,009186658
0,001145753;-0,01355992;-0,009186658
0,001116246;-0,01355554;-0,009257909
0,001116246;-0,01355554;-0,009257909
0,001116246;-0,01355554;-0,009257909
0,001116246;-0,01355554;-0,009257909
0,001116246;-0,01355554;-0,009257909
0,001116246;-0,01355554;-0,009257909
0,001179263;-0,01353832;-0,009189977
0,001179263;-0,01353832;-0,009189977
0,001179263;-0,01353832;-0,009189977
0,001179263;-0,01353832;-0,009189977
0,001238247;-0,01351789;-0,009161516
0,001238247;-0,01351789;-0,009161516
0,001238247;-0,01351789;-0,009161516
0,001238247;-0,01351789;-0,009161516
0,001202193;-0,01353463;-0,009187922
0,001202193;-0,01353463;-0,009187922
0,001202193;-0,01353463;-0,009187922
0,001202193;-0,01353463;-0,009187922
0,001202193;-0,01353463;-0,009187922
0,001214884;-0,01353851;-0,009224467
0,001214884;-0,01353851;-0,009224467
0,001246978;-0,01351911;-0,009226232
0,001246978;-0,01351911;-0,009226232
0,001246978;-0,01351911;-0,009226232
0,001246978;-0,01351911;-0,009226232
0,001300597;-0,01350053;-0,009173981
0,001300597;-0,01350053;-0,009173981
0,001300597;-0,01350053;-0,009173981
0,001300597;-0,01350053;-0,009173981
0,001353242;-0,0134856;-0,009149356
0,001353242;-0,0134856;-0,009149356
0,001353242;-0,0134856;-0,009149356
0,001353242;-0,0134856;-0,009149356
0,001353242;-0,0134856;-0,009149356
0,001353242;-0,0134856;-0,009149356
0,00130213;-0,01347998;-0,009111104
0,00130213;-0,01347998;-0,009111104
0,00130213;-0,01347998;-0,009111104
0,001336565;-0,01346172;-0,009134368
0,001336565;-0,01346172;-0,009134368
0,001336565;-0,01346172;-0,009134368
0,001336565;-0,01346172;-0,009134368
0,001350747;-0,01346743;-0,009185468
0,001350747;-0,01346743;-0,009185468
0,001350747;-0,01346743;-0,009185468
0,001369696;-0,01346242;-0,009152081
0,001369696;-0,01346242;-0,009152081
0,001369696;-0,01346242;-0,009152081
0,001369696;-0,01346242;-0,009152081
0,001387292;-0,01345151;-0,009150896
0,001387292;-0,01345151;-0,009150896
0,001387292;-0,01345151;-0,009150896
0,001387292;-0,01345151;-0,009150896
0,001388442;-0,01344832;-0,009134249
0,001388442;-0,01344832;-0,009134249
0,001388442;-0,01344832;-0,009134249
0,00138121;-0,01344365;-0,00907605
0,00138121;-0,01344365;-0,00907605
0,00138121;-0,01344365;-0,00907605
0,001363438;-0,0134362;-0,009053388
0,001363438;-0,0134362;-0,009053388
0,001363438;-0,0134362;-0,009053388
0,001363438;-0,0134362;-0,009053388
0,001363438;-0,0134362;-0,009053388
0,001334037;-